{
	"format_version": "1.9.0",
	"credit": "Made with Blockbench",
	"texture_size": [32, 32],
	"textures": {
		"0": "item/snort_pottery_sherd",
		"particle": "item/snort_pottery_sherd"
	},
	"elements": [
		{
			"from": [5, 0, 3],
			"to": [10, 5, 8],
			"rotation": {"angle": 0, "axis": "y", "origin": [0, 0, 6]},
			"faces": {
				"north": {"uv": [6, 4.5, 8.5, 7], "texture": "#0"},
				"east": {"uv": [6, 7, 8.5, 9.5], "texture": "#0"},
				"south": {"uv": [0, 7.5, 2.5, 10], "texture": "#0"},
				"west": {"uv": [2.5, 7.5, 5, 10], "texture": "#0"},
				"up": {"uv": [11, 7, 8.5, 4.5], "texture": "#0"},
				"down": {"uv": [11, 7, 8.5, 9.5], "texture": "#0"}
			}
		},
		{
			"from": [4, 3, 8],
			"to": [8, 7, 13.1],
			"rotation": {"angle": 0, "axis": "y", "origin": [-1, 2, 12]},
			"faces": {
				"north": {"uv": [7, 12, 9, 14], "texture": "#0"},
				"east": {"uv": [11, 7, 13.5, 9], "texture": "#0"},
				"south": {"uv": [9, 12, 11, 14], "texture": "#0"},
				"west": {"uv": [12, 0, 14.5, 2], "texture": "#0"},
				"up": {"uv": [14, 4.5, 12, 2], "texture": "#0"},
				"down": {"uv": [7, 12, 5, 14.5], "texture": "#0"}
			}
		},
		{
			"from": [5, 7, 8.5],
			"to": [6, 8, 9.6],
			"rotation": {"angle": 0, "axis": "y", "origin": [-1, 3, 11.5]},
			"faces": {
				"north": {"uv": [5, 7.5, 5.5, 8], "texture": "#0"},
				"east": {"uv": [5.5, 7.5, 6, 8], "texture": "#0"},
				"south": {"uv": [5, 8, 5.5, 8.5], "texture": "#0"},
				"west": {"uv": [5.5, 8, 6, 8.5], "texture": "#0"},
				"up": {"uv": [5.5, 9, 5, 8.5], "texture": "#0"},
				"down": {"uv": [6, 8.5, 5.5, 9], "texture": "#0"}
			}
		},
		{
			"from": [5, 7, 11.5],
			"to": [6, 8, 12.6],
			"rotation": {"angle": 0, "axis": "y", "origin": [-1, 3, 14.5]},
			"faces": {
				"north": {"uv": [13.5, 8, 14, 8.5], "texture": "#0"},
				"east": {"uv": [13.5, 8.5, 14, 9], "texture": "#0"},
				"south": {"uv": [11, 13.5, 11.5, 14], "texture": "#0"},
				"west": {"uv": [11.5, 13.5, 12, 14], "texture": "#0"},
				"up": {"uv": [12.5, 14, 12, 13.5], "texture": "#0"},
				"down": {"uv": [13, 13.5, 12.5, 14], "texture": "#0"}
			}
		},
		{
			"from": [3.6, 3.5, 9],
			"to": [7.6, 5.5, 12],
			"rotation": {"angle": 0, "axis": "y", "origin": [-1.4, 2.5, 11.7]},
			"faces": {
				"north": {"uv": [13, 12, 15, 13], "texture": "#0"},
				"east": {"uv": [13.5, 4.5, 15, 5.5], "texture": "#0"},
				"south": {"uv": [13, 13, 15, 14], "texture": "#0"},
				"west": {"uv": [13.5, 5.5, 15, 6.5], "texture": "#0"},
				"up": {"uv": [13, 13.5, 11, 12], "texture": "#0"},
				"down": {"uv": [2, 12.5, 0, 14], "texture": "#0"}
			}
		},
		{
			"from": [5, 0, 8],
			"to": [10, 5, 13],
			"rotation": {"angle": 0, "axis": "y", "origin": [0, 0, 11]},
			"faces": {
				"north": {"uv": [5, 9.5, 7.5, 12], "texture": "#0"},
				"east": {"uv": [7.5, 9.5, 10, 12], "texture": "#0"},
				"south": {"uv": [0, 10, 2.5, 12.5], "texture": "#0"},
				"west": {"uv": [2.5, 10, 5, 12.5], "texture": "#0"},
				"up": {"uv": [12.5, 12, 10, 9.5], "texture": "#0"},
				"down": {"uv": [13.5, 4.5, 11, 7], "texture": "#0"}
			}
		},
		{
			"from": [3, 3.3, 9.8],
			"to": [3, 4.3, 10.8],
			"rotation": {"angle": -22.5, "axis": "y", "origin": [-2, 2.3, 12.5]},
			"faces": {
				"north": {"uv": [0, 0, 0, 0.5], "texture": "#0"},
				"east": {"uv": [5, 9, 5.5, 9.5], "texture": "#0"},
				"south": {"uv": [0, 0, 0, 0.5], "texture": "#0"},
				"west": {"uv": [5.5, 9, 6, 9.5], "texture": "#0"},
				"up": {"uv": [0, 0, 0, 0.5], "texture": "#0"},
				"down": {"uv": [0, 0, 0, 0.5], "texture": "#0"}
			}
		},
		{
			"from": [4.7, 3.3, 9.8],
			"to": [4.7, 4.3, 10.8],
			"rotation": {"angle": 22.5, "axis": "y", "origin": [-0.3, 2.3, 12.5]},
			"faces": {
				"north": {"uv": [0, 0, 0, 0.5], "texture": "#0"},
				"east": {"uv": [12, 9, 12.5, 9.5], "texture": "#0"},
				"south": {"uv": [0, 0, 0, 0.5], "texture": "#0"},
				"west": {"uv": [13.5, 6.5, 14, 7], "texture": "#0"},
				"up": {"uv": [0, 0, 0, 0.5], "texture": "#0"},
				"down": {"uv": [0, 0, 0, 0.5], "texture": "#0"}
			}
		},
		{
			"from": [2.8, 4.3, 8.5],
			"to": [2.8, 5.3, 9.5],
			"rotation": {"angle": -45, "axis": "y", "origin": [-2.2, 3.3, 11.2]},
			"faces": {
				"north": {"uv": [0, 0, 0, 0.5], "texture": "#0"},
				"east": {"uv": [11, 9, 11.5, 9.5], "texture": "#0"},
				"south": {"uv": [0, 0, 0, 0.5], "texture": "#0"},
				"west": {"uv": [11.5, 9, 12, 9.5], "texture": "#0"},
				"up": {"uv": [0, 0, 0, 0.5], "texture": "#0"},
				"down": {"uv": [0, 0, 0, 0.5], "texture": "#0"}
			}
		},
		{
			"from": [6, 4.3, 10.1],
			"to": [6, 5.3, 11.1],
			"rotation": {"angle": 45, "axis": "y", "origin": [1, 3.3, 12.8]},
			"faces": {
				"north": {"uv": [0, 0, 0, 0.5], "texture": "#0"},
				"east": {"uv": [13.5, 7, 14, 7.5], "texture": "#0"},
				"south": {"uv": [0, 0, 0, 0.5], "texture": "#0"},
				"west": {"uv": [13.5, 7.5, 14, 8], "texture": "#0"},
				"up": {"uv": [0, 0, 0, 0.5], "texture": "#0"},
				"down": {"uv": [0, 0, 0, 0.5], "texture": "#0"}
			}
		},
		{
			"from": [-5, -0.1, 2.1],
			"to": [7, 2.9, 5.1],
			"rotation": {"angle": -22.5, "axis": "y", "origin": [5, -0.1, 2.1]},
			"faces": {
				"north": {"uv": [0, 0, 6, 1.5], "texture": "#0"},
				"east": {"uv": [2, 12.5, 3.5, 14], "texture": "#0"},
				"south": {"uv": [0, 1.5, 6, 3], "texture": "#0"},
				"west": {"uv": [3.5, 12.5, 5, 14], "texture": "#0"},
				"up": {"uv": [6, 4.5, 0, 3], "texture": "#0"},
				"down": {"uv": [6, 4.5, 0, 6], "texture": "#0"}
			}
		},
		{
			"from": [-6, -0.1, 11.8],
			"to": [6, 2.9, 14.8],
			"rotation": {"angle": 22.5, "axis": "y", "origin": [4, -0.1, 11.8]},
			"faces": {
				"north": {"uv": [0, 6, 6, 7.5], "texture": "#0"},
				"east": {"uv": [12.5, 9, 14, 10.5], "texture": "#0"},
				"south": {"uv": [6, 0, 12, 1.5], "texture": "#0"},
				"west": {"uv": [12.5, 10.5, 14, 12], "texture": "#0"},
				"up": {"uv": [12, 3, 6, 1.5], "texture": "#0"},
				"down": {"uv": [12, 3, 6, 4.5], "texture": "#0"}
			}
		}
	],
	"display": {
		"thirdperson_righthand": {
			"rotation": [90, 90, 0],
			"translation": [0, 0.5, 1.25],
			"scale": [0.18, 0.18, 0.18]
		},
		"thirdperson_lefthand": {
			"rotation": [90, -90, 0],
			"translation": [0, 0.5, 1.25],
			"scale": [0.18, 0.18, 0.18]
		},
		"firstperson_righthand": {
			"rotation": [0, 90, 0],
			"translation": [-9.25, 9.5, -2.75]
		},
		"firstperson_lefthand": {
			"rotation": [-12, -90, 0],
			"translation": [-8.75, 6.75, -3],
			"scale": [0.8, 0.8, 0.8]
		},
		"ground": {
			"translation": [0, 3.25, 0],
			"scale": [0.7, 0.7, 0.7]
		},
		"gui": {
			"rotation": [15, 90, 0],
			"translation": [-0.25, 4.25, 0],
			"scale": [0.78, 0.78, 0.78]
		},
		"head": {
			"rotation": [0, -90, 0],
			"translation": [0.25, 9.5, 2.25],
			"scale": [0.63, 0.63, 0.63]
		},
		"fixed": {
			"rotation": [0, -90, 90],
			"translation": [0, 4.5, -7.75],
			"scale": [1.53, 1.53, 1.53]
		},
		"on_shelf": {
			"rotation": [0, 90, 0]
		}
	}
}