{
	"format_version": "1.21.6",
	"credit": "Made with Blockbench",
	"texture_size": [64, 64],
	"textures": {
	  "0": "minecraft:item/coconut",
	  "particle": "minecraft:item/coconut"
	}
	"elements": [
		{
			"from": [10.6, 5, 7.7],
			"to": [11.5, 12, 8.6],
			"rotation": {"angle": -10, "axis": "z", "origin": [10, 8, 12]},
			"faces": {
				"north": {"uv": [5, 7.75, 5.25, 9.5], "texture": "#0"},
				"east": {"uv": [5.25, 7.75, 5.5, 9.5], "texture": "#0"},
				"south": {"uv": [5.5, 7.75, 5.75, 9.5], "texture": "#0"},
				"west": {"uv": [5.75, 7.75, 6, 9.5], "texture": "#0"},
				"up": {"uv": [8.25, 5.25, 8, 5], "texture": "#0"},
				"down": {"uv": [8.25, 5.25, 8, 5.5], "texture": "#0"}
			}
		},
		{
			"from": [5.2, 4.1, 11],
			"to": [5.5, 10.3, 11.3],
			"rotation": {"angle": 27.5, "axis": "z", "origin": [4.3, 7.1, 15]},
			"faces": {
				"north": {"uv": [0, 8, 0.25, 9.5], "texture": "#0"},
				"east": {"uv": [0.25, 8, 0.5, 9.5], "texture": "#0"},
				"south": {"uv": [0.5, 8, 0.75, 9.5], "texture": "#0"},
				"west": {"uv": [0.75, 8, 1, 9.5], "texture": "#0"},
				"up": {"uv": [8.25, 6.25, 8, 6], "texture": "#0"},
				"down": {"uv": [8.25, 6.25, 8, 6.5], "texture": "#0"}
			}
		},
		{
			"from": [1.1, 9.6, 7.9],
			"to": [7.5, 9.6, 14.3],
			"rotation": {"angle": 27.5, "axis": "z", "origin": [3.2, 9.1, 15.2]},
			"faces": {
				"north": {"uv": [0, 0, 1.5, 0], "texture": "#0"},
				"east": {"uv": [0, 0, 1.5, 0], "texture": "#0"},
				"south": {"uv": [0, 0, 1.5, 0], "texture": "#0"},
				"west": {"uv": [0, 0, 1.5, 0], "texture": "#0"},
				"up": {"uv": [8.5, 1.5, 7, 0], "texture": "#0"},
				"down": {"uv": [8.5, 1.5, 7, 3], "texture": "#0"}
			}
		},
		{
			"from": [11, 11.8, 7.7],
			"to": [14.3, 12.7, 8.6],
			"rotation": {"angle": 17.5, "axis": "z", "origin": [14, 13.3, 12]},
			"faces": {
				"north": {"uv": [8, 4, 8.75, 4.25], "texture": "#0"},
				"east": {"uv": [8, 5.5, 8.25, 5.75], "texture": "#0"},
				"south": {"uv": [8, 4.25, 8.75, 4.5], "texture": "#0"},
				"west": {"uv": [8, 5.75, 8.25, 6], "texture": "#0"},
				"up": {"uv": [8.75, 4.75, 8, 4.5], "texture": "#0"},
				"down": {"uv": [8.75, 4.75, 8, 5], "texture": "#0"}
			}
		},
		{
			"from": [3, 0, 3],
			"to": [13, 8, 4],
			"rotation": {"angle": 0, "axis": "y", "origin": [7, 0, 7]},
			"faces": {
				"north": {"uv": [0, 0, 2.5, 2], "texture": "#0"},
				"east": {"uv": [2, 7.75, 2.25, 9.75], "texture": "#0"},
				"south": {"uv": [0, 2, 2.5, 4], "texture": "#0"},
				"west": {"uv": [2.25, 7.75, 2.5, 9.75], "texture": "#0"},
				"up": {"uv": [9.5, 3.25, 7, 3], "texture": "#0"},
				"down": {"uv": [9.5, 3.25, 7, 3.5], "texture": "#0"}
			}
		},
		{
			"from": [12, 0, 4],
			"to": [13, 8, 12],
			"rotation": {"angle": 0, "axis": "y", "origin": [9, 0, 7]},
			"faces": {
				"north": {"uv": [2.5, 7.75, 2.75, 9.75], "texture": "#0"},
				"east": {"uv": [0, 4, 2, 6], "texture": "#0"},
				"south": {"uv": [2.75, 7.75, 3, 9.75], "texture": "#0"},
				"west": {"uv": [2, 4, 4, 6], "texture": "#0"},
				"up": {"uv": [3.25, 9.75, 3, 7.75], "texture": "#0"},
				"down": {"uv": [3.5, 7.75, 3.25, 9.75], "texture": "#0"}
			}
		},
		{
			"from": [3, 0, 12],
			"to": [13, 8, 13],
			"rotation": {"angle": 0, "axis": "y", "origin": [9, 0, 9]},
			"faces": {
				"north": {"uv": [2.5, 0, 5, 2], "texture": "#0"},
				"east": {"uv": [3.5, 7.75, 3.75, 9.75], "texture": "#0"},
				"south": {"uv": [2.5, 2, 5, 4], "texture": "#0"},
				"west": {"uv": [3.75, 7.75, 4, 9.75], "texture": "#0"},
				"up": {"uv": [9.5, 3.75, 7, 3.5], "texture": "#0"},
				"down": {"uv": [9.5, 3.75, 7, 4], "texture": "#0"}
			}
		},
		{
			"from": [4, 0, 4],
			"to": [12, 7, 12],
			"rotation": {"angle": 0, "axis": "y", "origin": [9, -2, 4.5]},
			"faces": {
				"north": {"uv": [2, 6, 4, 7.75], "texture": "#0"},
				"east": {"uv": [4, 6, 6, 7.75], "texture": "#0"},
				"south": {"uv": [6, 4, 8, 5.75], "texture": "#0"},
				"west": {"uv": [6, 5.75, 8, 7.5], "texture": "#0"},
				"up": {"uv": [7, 4, 5, 2], "texture": "#0"},
				"down": {"uv": [2, 6, 0, 8], "texture": "#0"}
			}
		},
		{
			"from": [3, 0, 4],
			"to": [4, 8, 12],
			"rotation": {"angle": 0, "axis": "y", "origin": [7, 0, 9]},
			"faces": {
				"north": {"uv": [4, 7.75, 4.25, 9.75], "texture": "#0"},
				"east": {"uv": [4, 4, 6, 6], "texture": "#0"},
				"south": {"uv": [4.25, 7.75, 4.5, 9.75], "texture": "#0"},
				"west": {"uv": [5, 0, 7, 2], "texture": "#0"},
				"up": {"uv": [4.75, 9.75, 4.5, 7.75], "texture": "#0"},
				"down": {"uv": [5, 7.75, 4.75, 9.75], "texture": "#0"}
			}
		},
		{
			"from": [7.2, 5.2, 1.4],
			"to": [7.8, 10.4, 6.6],
			"rotation": {"angle": -10, "axis": "y", "origin": [11, 3.8, 5]},
			"faces": {
				"north": {"uv": [1, 8, 1.25, 9.25], "texture": "#0"},
				"east": {"uv": [6, 7.5, 7.25, 8.75], "texture": "#0"},
				"south": {"uv": [1.25, 8, 1.5, 9.25], "texture": "#0"},
				"west": {"uv": [7.25, 7.5, 8.5, 8.75], "texture": "#0"},
				"up": {"uv": [1.75, 9.25, 1.5, 8], "texture": "#0"},
				"down": {"uv": [2, 8, 1.75, 9.25], "texture": "#0"}
			}
		}
	],
	"display": {
		"thirdperson_righthand": {
			"rotation": [39, 0, 0],
			"translation": [0, 2.25, 3.25],
			"scale": [0.5, 0.5, 0.5]
		},
		"thirdperson_lefthand": {
			"rotation": [39, 0, 0],
			"translation": [0, 2.25, 3.25],
			"scale": [0.5, 0.5, 0.5]
		},
		"firstperson_righthand": {
			"rotation": [-172.63, 53.46, 159.23],
			"translation": [1, 3.5, 0.5],
			"scale": [0.5, 0.5, 0.5]
		},
		"firstperson_lefthand": {
			"rotation": [3.79, 21.49, 19.88],
			"translation": [1, 3.5, 0.5],
			"scale": [0.5, 0.5, 0.5]
		},
		"ground": {
			"translation": [0, 3, 0],
			"scale": [0.7, 0.7, 0.7]
		},
		"gui": {
			"rotation": [20.1, -16.66, 7.56],
			"translation": [0.5, 2.5, -77]
		},
		"head": {
			"rotation": [0, -90, 0],
			"translation": [0, -7.5, -11],
			"scale": [0.8, 0.8, 0.8]
		},
		"fixed": {
			"rotation": [-90, 0, 0],
			"translation": [0, 0, -8]
		}
	}
}