{
	"credit": "Made with Blockbench",
	"textures": {
		"1": "item/lantern5",
		"2": "item/lantern3",
		"4": "item/lantern2",
		"5": "item/lantern"
	},
	"elements": [
		{
			"from": [11, 0, 3],
			"to": [12, 6.6, 4],
			"rotation": {"angle": -45, "axis": "y", "origin": [7.5, 0.5, 0.5]},
			"faces": {
				"north": {"uv": [0, 0, 1, 7], "texture": "#5"},
				"east": {"uv": [1, 0, 2, 7], "texture": "#5"},
				"south": {"uv": [2, 0, 3, 7], "texture": "#5"},
				"west": {"uv": [3, 0, 4, 7], "texture": "#5"},
				"up": {"uv": [5, 1, 4, 0], "texture": "#5"},
				"down": {"uv": [5, 1, 4, 2], "texture": "#5"}
			}
		},
		{
			"from": [7.56, 0, 5.4],
			"to": [8.86, 6, 10.4],
			"faces": {
				"north": {"uv": [0, 6, 1.5, 12], "texture": "#5"},
				"east": {"uv": [0, 0, 5, 6], "texture": "#5"},
				"south": {"uv": [2, 6, 3.5, 12], "texture": "#5"},
				"west": {"uv": [5, 0, 10, 6], "texture": "#5"},
				"up": {"uv": [5.5, 11, 4, 6], "texture": "#5"},
				"down": {"uv": [7.5, 6, 6, 11], "texture": "#5"}
			}
		},
		{
			"from": [7.4, 0.4, 9.6],
			"to": [7.7, 5.4, 9.9],
			"rotation": {"angle": 0, "axis": "y", "origin": [7.55, 2.95, 7.9]},
			"faces": {
				"north": {"uv": [2, 5, 3, 10], "texture": "#4"},
				"east": {"uv": [3, 5, 4, 10], "texture": "#4"},
				"south": {"uv": [4, 5, 5, 10], "texture": "#4"},
				"west": {"uv": [5, 5, 6, 10], "texture": "#4"},
				"up": {"uv": [12, 7, 11, 6], "texture": "#4"},
				"down": {"uv": [8, 11, 7, 12], "texture": "#4"}
			}
		},
		{
			"from": [7.4, 0.4, 5.9],
			"to": [7.7, 5.4, 6.2],
			"rotation": {"angle": 0, "axis": "y", "origin": [7.55, 2.95, 7.9]},
			"faces": {
				"north": {"uv": [6, 0, 7, 5], "texture": "#4"},
				"east": {"uv": [6, 5, 7, 10], "texture": "#4"},
				"south": {"uv": [7, 0, 8, 5], "texture": "#4"},
				"west": {"uv": [7, 5, 8, 10], "texture": "#4"},
				"up": {"uv": [12, 8, 11, 7], "texture": "#4"},
				"down": {"uv": [12, 10, 11, 11], "texture": "#4"}
			}
		},
		{
			"from": [7.4, 5.3, 5.9],
			"to": [7.7, 5.6, 9.9],
			"rotation": {"angle": 0, "axis": "x", "origin": [7.55, 2.95, 7.9]},
			"faces": {
				"north": {"uv": [11, 11, 12, 12], "texture": "#4"},
				"east": {"uv": [0, 10, 4, 11], "texture": "#4"},
				"south": {"uv": [12, 0, 13, 1], "texture": "#4"},
				"west": {"uv": [4, 10, 8, 11], "texture": "#4"},
				"up": {"uv": [11, 8, 10, 4], "texture": "#4"},
				"down": {"uv": [9, 10, 8, 14], "texture": "#4"}
			}
		},
		{
			"from": [7.4, 0.3, 5.9],
			"to": [7.7, 0.6, 9.9],
			"rotation": {"angle": 0, "axis": "y", "origin": [7.55, 2.95, 7.9]},
			"faces": {
				"north": {"uv": [1, 12, 2, 13], "texture": "#4"},
				"east": {"uv": [10, 8, 14, 9], "texture": "#4"},
				"south": {"uv": [12, 1, 13, 2], "texture": "#4"},
				"west": {"uv": [10, 9, 14, 10], "texture": "#4"},
				"up": {"uv": [11, 14, 10, 10], "texture": "#4"},
				"down": {"uv": [1, 11, 0, 15], "texture": "#4"}
			}
		},
		{
			"from": [8.7, 0.3, 5.9],
			"to": [9, 0.6, 9.9],
			"rotation": {"angle": 0, "axis": "y", "origin": [7.55, 2.95, 7.9]},
			"faces": {
				"north": {"uv": [3, 11, 4, 12], "texture": "#4"},
				"east": {"uv": [9, 2, 13, 3], "texture": "#4"},
				"south": {"uv": [4, 11, 5, 12], "texture": "#4"},
				"west": {"uv": [9, 3, 13, 4], "texture": "#4"},
				"up": {"uv": [10, 8, 9, 4], "texture": "#4"},
				"down": {"uv": [10, 8, 9, 12], "texture": "#4"}
			}
		},
		{
			"from": [8.7, 5.3, 5.9],
			"to": [9, 5.6, 9.9],
			"rotation": {"angle": 0, "axis": "y", "origin": [7.55, 2.95, 7.9]},
			"faces": {
				"north": {"uv": [1, 11, 2, 12], "texture": "#4"},
				"east": {"uv": [8, 0, 12, 1], "texture": "#4"},
				"south": {"uv": [2, 11, 3, 12], "texture": "#4"},
				"west": {"uv": [8, 1, 12, 2], "texture": "#4"},
				"up": {"uv": [9, 6, 8, 2], "texture": "#4"},
				"down": {"uv": [9, 6, 8, 10], "texture": "#4"}
			}
		},
		{
			"from": [8.7, 0.4, 5.9],
			"to": [9, 5.4, 6.2],
			"rotation": {"angle": 0, "axis": "y", "origin": [7.55, 2.95, 7.9]},
			"faces": {
				"north": {"uv": [0, 0, 1, 5], "texture": "#4"},
				"east": {"uv": [1, 0, 2, 5], "texture": "#4"},
				"south": {"uv": [2, 0, 3, 5], "texture": "#4"},
				"west": {"uv": [3, 0, 4, 5], "texture": "#4"},
				"up": {"uv": [12, 5, 11, 4], "texture": "#4"},
				"down": {"uv": [6, 11, 5, 12], "texture": "#4"}
			}
		},
		{
			"from": [8.7, 0.4, 9.6],
			"to": [9, 5.4, 9.9],
			"rotation": {"angle": 0, "axis": "y", "origin": [7.55, 2.95, 7.9]},
			"faces": {
				"north": {"uv": [4, 0, 5, 5], "texture": "#4"},
				"east": {"uv": [0, 5, 1, 10], "texture": "#4"},
				"south": {"uv": [5, 0, 6, 5], "texture": "#4"},
				"west": {"uv": [1, 5, 2, 10], "texture": "#4"},
				"up": {"uv": [12, 6, 11, 5], "texture": "#4"},
				"down": {"uv": [7, 11, 6, 12], "texture": "#4"}
			}
		},
		{
			"from": [7.56, 6, 5.2],
			"to": [8.86, 7, 10.2],
			"rotation": {"angle": -45, "axis": "x", "origin": [8.21, 6.5, 5.5]},
			"faces": {
				"north": {"uv": [4, 4, 5, 5], "texture": "#1"},
				"east": {"uv": [0, 0, 5, 1], "texture": "#1"},
				"south": {"uv": [5, 0, 6, 1], "texture": "#1"},
				"west": {"uv": [0, 1, 5, 2], "texture": "#1"},
				"up": {"uv": [1, 7, 0, 2], "texture": "#1"},
				"down": {"uv": [2, 2, 1, 7], "texture": "#1"}
			}
		},
		{
			"from": [7.56, 7, 6],
			"to": [8.86, 7.7, 9.5],
			"rotation": {"angle": -45, "axis": "x", "origin": [8.21, 6.5, 5.5]},
			"faces": {
				"north": {"uv": [5, 1, 6, 2], "texture": "#1"},
				"east": {"uv": [2, 2, 5, 3], "texture": "#1"},
				"south": {"uv": [5, 2, 6, 3], "texture": "#1"},
				"west": {"uv": [2, 3, 5, 4], "texture": "#1"},
				"up": {"uv": [3, 7, 2, 4], "texture": "#1"},
				"down": {"uv": [4, 4, 3, 7], "texture": "#1"}
			}
		},
		{
			"from": [7.56, 8.43461, 8.71283],
			"to": [8.86, 8.93461, 9.41283],
			"rotation": {"angle": -22.5, "axis": "x", "origin": [8.21, 6.5, 5.5]},
			"faces": {
				"north": {"uv": [5, 3, 6, 4], "texture": "#1"},
				"east": {"uv": [4, 5, 5, 6], "texture": "#1"},
				"south": {"uv": [5, 4, 6, 5], "texture": "#1"},
				"west": {"uv": [5, 5, 6, 6], "texture": "#1"},
				"up": {"uv": [7, 1, 6, 0], "texture": "#1"},
				"down": {"uv": [7, 1, 6, 2], "texture": "#1"}
			}
		},
		{
			"from": [7.56, 6.65, 4.71],
			"to": [8.86, 7.35, 5.21],
			"rotation": {"angle": 22.5, "axis": "x", "origin": [8.21, 6.5, 5.5]},
			"faces": {
				"north": {"uv": [6, 2, 7, 3], "texture": "#1"},
				"east": {"uv": [6, 3, 7, 4], "texture": "#1"},
				"south": {"uv": [4, 6, 5, 7], "texture": "#1"},
				"west": {"uv": [6, 4, 7, 5], "texture": "#1"},
				"up": {"uv": [6, 7, 5, 6], "texture": "#1"},
				"down": {"uv": [7, 5, 6, 6], "texture": "#1"}
			}
		},
		{
			"from": [7.8, 5, 8.3],
			"to": [8.6, 7, 8.3],
			"faces": {
				"north": {"uv": [0, 8, 1.5, 12], "texture": "#2"},
				"east": {"uv": [0, 0, 0, 4], "texture": "#2"},
				"south": {"uv": [8, 0, 9.5, 4], "texture": "#2"},
				"west": {"uv": [0, 0, 0, 4], "texture": "#2"},
				"up": {"uv": [1.5, 0, 0, 0], "texture": "#2"},
				"down": {"uv": [1.5, 0, 0, 0], "texture": "#2"}
			}
		},
		{
			"from": [7.8, 5, 9.5],
			"to": [8.6, 7, 9.5],
			"faces": {
				"north": {"uv": [2, 8, 3.5, 12], "texture": "#2"},
				"east": {"uv": [0, 0, 0, 4], "texture": "#2"},
				"south": {"uv": [4, 8, 5.5, 12], "texture": "#2"},
				"west": {"uv": [0, 0, 0, 4], "texture": "#2"},
				"up": {"uv": [1.5, 0, 0, 0], "texture": "#2"},
				"down": {"uv": [1.5, 0, 0, 0], "texture": "#2"}
			}
		},
		{
			"from": [8.6, 5, 8.3],
			"to": [8.6, 7, 9.5],
			"faces": {
				"north": {"uv": [0, 0, 0, 4], "texture": "#2"},
				"east": {"uv": [0, 0, 2.5, 4], "texture": "#2"},
				"south": {"uv": [0, 0, 0, 4], "texture": "#2"},
				"west": {"uv": [0, 4, 2.5, 8], "texture": "#2"},
				"up": {"uv": [0, 2.5, 0, 0], "texture": "#2"},
				"down": {"uv": [0, 0, 0, 2.5], "texture": "#2"}
			}
		},
		{
			"from": [7.8, 5, 8.3],
			"to": [7.8, 7, 9.5],
			"faces": {
				"north": {"uv": [0, 0, 0, 4], "texture": "#2"},
				"east": {"uv": [4, 0, 6.5, 4], "texture": "#2"},
				"south": {"uv": [0, 0, 0, 4], "texture": "#2"},
				"west": {"uv": [4, 4, 6.5, 8], "texture": "#2"},
				"up": {"uv": [0, 2.5, 0, 0], "texture": "#2"},
				"down": {"uv": [0, 0, 0, 2.5], "texture": "#2"}
			}
		}
	],
	"display": {
		"thirdperson_righthand": {
			"rotation": [-180, -2.88, 170],
			"translation": [-0.5, 4, 0.75]
		},
		"thirdperson_lefthand": {
			"translation": [0.25, 4, 0]
		},
		"firstperson_righthand": {
			"rotation": [-180, -5, -180],
			"translation": [0, 5, 0]
		},
		"firstperson_lefthand": {
			"rotation": [180, -7, 180],
			"translation": [0, 5, 0]
		},
		"ground": {
			"rotation": [180, 90, 90],
			"translation": [0, -3, -2]
		},
		"gui": {
			"rotation": [0, 90, 0],
			"translation": [0.75, 4.25, 0],
			"scale": [1.5, 1.5, 1.5]
		},
		"fixed": {
			"rotation": [-90, -90, -90],
			"translation": [0, 5.75, -1.25],
			"scale": [2, 2, 2]
		}
	},
	"groups": [
		{
			"name": "Корпус",
			"origin": [0, 0, 0],
			"color": 0,
			"children": [
				0,
				1,
				{
					"name": "Вторичный корпус",
					"origin": [8, 8, 8],
					"color": 0,
					"children": [
						{
							"name": "Правая сторона",
							"origin": [8, 8, 8],
							"color": 0,
							"children": [2, 3, 4, 5]
						},
						{
							"name": "Левая сторона",
							"origin": [8, 8, 8],
							"color": 0,
							"children": [6, 7, 8, 9]
						}
					]
				},
				{
					"name": "Крышка",
					"origin": [8, 8, 8],
					"color": 0,
					"children": [10, 11, 12, 13]
				}
			]
		},
		{
			"name": "Огниво",
			"origin": [0, 0, 0],
			"color": 0,
			"children": [14, 15, 16, 17]
		}
	]
}