{
	"credit": "Made with Blockbench",
	"texture_size": [32, 32],
	"textures": {
		"0": "item/stone_axe",
		"1": "item/stone_axe2",
		"particle": "item/stone_axe"
	},
	"elements": [
		{
			"from": [0, 0, 13],
			"to": [1, 1, 14],
			"rotation": {"angle": 0, "axis": "y", "origin": [0.5, 6.5, 8]},
			"faces": {
				"north": {"uv": [2, 2, 3, 3], "rotation": 270, "texture": "#0"},
				"east": {"uv": [4, 1, 3, 0], "rotation": 270, "texture": "#0"},
				"south": {"uv": [1, 2, 2, 3], "rotation": 90, "texture": "#0"},
				"west": {"uv": [2, 3, 1, 4], "rotation": 270, "texture": "#0"},
				"up": {"uv": [2, 1, 3, 2], "rotation": 90, "texture": "#0"},
				"down": {"uv": [0, 3, 1, 4], "rotation": 90, "texture": "#0"}
			}
		},
		{
			"from": [0, 0, 14],
			"to": [1, 1, 15],
			"rotation": {"angle": 0, "axis": "y", "origin": [0.5, 6.5, 8]},
			"faces": {
				"north": {"uv": [3, 2, 4, 3], "rotation": 270, "texture": "#0"},
				"east": {"uv": [1, 5, 0, 4], "rotation": 270, "texture": "#0"},
				"south": {"uv": [3, 1, 4, 2], "rotation": 90, "texture": "#0"},
				"west": {"uv": [5, 0, 4, 1], "rotation": 270, "texture": "#0"},
				"up": {"uv": [2, 3, 3, 4], "rotation": 90, "texture": "#0"},
				"down": {"uv": [3, 3, 4, 4], "rotation": 90, "texture": "#0"}
			}
		},
		{
			"from": [0, 1, 14],
			"to": [1, 2, 15],
			"rotation": {"angle": 0, "axis": "y", "origin": [0.5, 6.5, 8]},
			"faces": {
				"north": {"uv": [2, 4, 3, 5], "rotation": 270, "texture": "#0"},
				"east": {"uv": [4, 5, 3, 4], "rotation": 270, "texture": "#0"},
				"south": {"uv": [1, 4, 2, 5], "rotation": 90, "texture": "#0"},
				"west": {"uv": [5, 3, 4, 4], "rotation": 270, "texture": "#0"},
				"up": {"uv": [4, 1, 5, 2], "rotation": 90, "texture": "#0"},
				"down": {"uv": [4, 2, 5, 3], "rotation": 90, "texture": "#0"}
			}
		},
		{
			"from": [0, 2, 13],
			"to": [1, 3, 14],
			"rotation": {"angle": 0, "axis": "y", "origin": [0.5, 6.5, 8]},
			"faces": {
				"north": {"uv": [5, 0, 6, 1], "rotation": 270, "texture": "#0"},
				"east": {"uv": [6, 2, 5, 1], "rotation": 270, "texture": "#0"},
				"south": {"uv": [4, 4, 5, 5], "rotation": 90, "texture": "#0"},
				"west": {"uv": [3, 5, 2, 6], "rotation": 270, "texture": "#0"},
				"up": {"uv": [0, 5, 1, 6], "rotation": 90, "texture": "#0"},
				"down": {"uv": [1, 5, 2, 6], "rotation": 90, "texture": "#0"}
			}
		},
		{
			"from": [0, 1, 13],
			"to": [1, 2, 14],
			"rotation": {"angle": 0, "axis": "y", "origin": [0.5, 6.5, 8]},
			"faces": {
				"north": {"uv": [5, 3, 6, 4], "rotation": 270, "texture": "#0"},
				"east": {"uv": [6, 5, 5, 4], "rotation": 270, "texture": "#0"},
				"south": {"uv": [5, 2, 6, 3], "rotation": 90, "texture": "#0"},
				"west": {"uv": [6, 5, 5, 6], "rotation": 270, "texture": "#0"},
				"up": {"uv": [3, 5, 4, 6], "rotation": 90, "texture": "#0"},
				"down": {"uv": [4, 5, 5, 6], "rotation": 90, "texture": "#0"}
			}
		},
		{
			"from": [0, 1, 12],
			"to": [1, 2, 13],
			"rotation": {"angle": 0, "axis": "y", "origin": [0.5, 6.5, 8]},
			"faces": {
				"north": {"uv": [1, 6, 2, 7], "rotation": 270, "texture": "#0"},
				"east": {"uv": [3, 7, 2, 6], "rotation": 270, "texture": "#0"},
				"south": {"uv": [0, 6, 1, 7], "rotation": 90, "texture": "#0"},
				"west": {"uv": [7, 2, 6, 3], "rotation": 270, "texture": "#0"},
				"up": {"uv": [6, 0, 7, 1], "rotation": 90, "texture": "#0"},
				"down": {"uv": [6, 1, 7, 2], "rotation": 90, "texture": "#0"}
			}
		},
		{
			"from": [0, 3, 12],
			"to": [1, 4, 13],
			"rotation": {"angle": 0, "axis": "y", "origin": [0.5, 6.5, 8]},
			"faces": {
				"north": {"uv": [4, 6, 5, 7], "rotation": 270, "texture": "#0"},
				"east": {"uv": [6, 7, 5, 6], "rotation": 270, "texture": "#0"},
				"south": {"uv": [3, 6, 4, 7], "rotation": 90, "texture": "#0"},
				"west": {"uv": [7, 5, 6, 6], "rotation": 270, "texture": "#0"},
				"up": {"uv": [6, 3, 7, 4], "rotation": 90, "texture": "#0"},
				"down": {"uv": [6, 4, 7, 5], "rotation": 90, "texture": "#0"}
			}
		},
		{
			"from": [0, 2, 12],
			"to": [1, 3, 13],
			"rotation": {"angle": 0, "axis": "y", "origin": [0.5, 6.5, 8]},
			"faces": {
				"north": {"uv": [7, 0, 8, 1], "rotation": 270, "texture": "#0"},
				"east": {"uv": [8, 2, 7, 1], "rotation": 270, "texture": "#0"},
				"south": {"uv": [6, 6, 7, 7], "rotation": 90, "texture": "#0"},
				"west": {"uv": [3, 7, 2, 8], "rotation": 270, "texture": "#0"},
				"up": {"uv": [0, 7, 1, 8], "rotation": 90, "texture": "#0"},
				"down": {"uv": [1, 7, 2, 8], "rotation": 90, "texture": "#0"}
			}
		},
		{
			"from": [0, 2, 11],
			"to": [1, 3, 12],
			"rotation": {"angle": 0, "axis": "y", "origin": [0.5, 6.5, 8]},
			"faces": {
				"north": {"uv": [7, 3, 8, 4], "rotation": 270, "texture": "#0"},
				"east": {"uv": [8, 5, 7, 4], "rotation": 270, "texture": "#0"},
				"south": {"uv": [7, 2, 8, 3], "rotation": 90, "texture": "#0"},
				"west": {"uv": [6, 7, 5, 8], "rotation": 270, "texture": "#0"},
				"up": {"uv": [3, 7, 4, 8], "rotation": 90, "texture": "#0"},
				"down": {"uv": [4, 7, 5, 8], "rotation": 90, "texture": "#0"}
			}
		},
		{
			"from": [0, 4, 11],
			"to": [1, 5, 12],
			"rotation": {"angle": 0, "axis": "y", "origin": [0.5, 6.5, 8]},
			"faces": {
				"north": {"uv": [7, 6, 8, 7], "rotation": 270, "texture": "#0"},
				"east": {"uv": [1, 9, 0, 8], "rotation": 270, "texture": "#0"},
				"south": {"uv": [7, 5, 8, 6], "rotation": 90, "texture": "#0"},
				"west": {"uv": [9, 0, 8, 1], "rotation": 270, "texture": "#0"},
				"up": {"uv": [6, 7, 7, 8], "rotation": 90, "texture": "#0"},
				"down": {"uv": [7, 7, 8, 8], "rotation": 90, "texture": "#0"}
			}
		},
		{
			"from": [0, 3, 11],
			"to": [1, 4, 12],
			"rotation": {"angle": 0, "axis": "y", "origin": [0.5, 6.5, 8]},
			"faces": {
				"north": {"uv": [2, 8, 3, 9], "rotation": 270, "texture": "#0"},
				"east": {"uv": [4, 9, 3, 8], "rotation": 270, "texture": "#0"},
				"south": {"uv": [1, 8, 2, 9], "rotation": 90, "texture": "#0"},
				"west": {"uv": [9, 3, 8, 4], "rotation": 270, "texture": "#0"},
				"up": {"uv": [8, 1, 9, 2], "rotation": 90, "texture": "#0"},
				"down": {"uv": [8, 2, 9, 3], "rotation": 90, "texture": "#0"}
			}
		},
		{
			"from": [0, 3, 10],
			"to": [1, 4, 11],
			"rotation": {"angle": 0, "axis": "y", "origin": [0.5, 6.5, 8]},
			"faces": {
				"north": {"uv": [5, 8, 6, 9], "rotation": 270, "texture": "#0"},
				"east": {"uv": [7, 9, 6, 8], "rotation": 270, "texture": "#0"},
				"south": {"uv": [4, 8, 5, 9], "rotation": 90, "texture": "#0"},
				"west": {"uv": [9, 6, 8, 7], "rotation": 270, "texture": "#0"},
				"up": {"uv": [8, 4, 9, 5], "rotation": 90, "texture": "#0"},
				"down": {"uv": [8, 5, 9, 6], "rotation": 90, "texture": "#0"}
			}
		},
		{
			"from": [0, 5, 10],
			"to": [1, 6, 11],
			"rotation": {"angle": 0, "axis": "y", "origin": [0.5, 6.5, 8]},
			"faces": {
				"north": {"uv": [8, 8, 9, 9], "rotation": 270, "texture": "#0"},
				"east": {"uv": [10, 1, 9, 0], "rotation": 270, "texture": "#0"},
				"south": {"uv": [7, 8, 8, 9], "rotation": 90, "texture": "#0"},
				"west": {"uv": [2, 9, 1, 10], "rotation": 270, "texture": "#0"},
				"up": {"uv": [8, 7, 9, 8], "rotation": 90, "texture": "#0"},
				"down": {"uv": [0, 9, 1, 10], "rotation": 90, "texture": "#0"}
			}
		},
		{
			"from": [0, 4, 10],
			"to": [1, 5, 11],
			"rotation": {"angle": 0, "axis": "y", "origin": [0.5, 6.5, 8]},
			"faces": {
				"north": {"uv": [9, 2, 10, 3], "rotation": 270, "texture": "#0"},
				"east": {"uv": [10, 4, 9, 3], "rotation": 270, "texture": "#0"},
				"south": {"uv": [9, 1, 10, 2], "rotation": 90, "texture": "#0"},
				"west": {"uv": [5, 9, 4, 10], "rotation": 270, "texture": "#0"},
				"up": {"uv": [2, 9, 3, 10], "rotation": 90, "texture": "#0"},
				"down": {"uv": [3, 9, 4, 10], "rotation": 90, "texture": "#0"}
			}
		},
		{
			"from": [0, 4, 9],
			"to": [1, 5, 10],
			"rotation": {"angle": 0, "axis": "y", "origin": [0.5, 6.5, 8]},
			"faces": {
				"north": {"uv": [9, 5, 10, 6], "rotation": 270, "texture": "#0"},
				"east": {"uv": [10, 7, 9, 6], "rotation": 270, "texture": "#0"},
				"south": {"uv": [9, 4, 10, 5], "rotation": 90, "texture": "#0"},
				"west": {"uv": [8, 9, 7, 10], "rotation": 270, "texture": "#0"},
				"up": {"uv": [5, 9, 6, 10], "rotation": 90, "texture": "#0"},
				"down": {"uv": [6, 9, 7, 10], "rotation": 90, "texture": "#0"}
			}
		},
		{
			"from": [0, 6, 9],
			"to": [1, 7, 10],
			"rotation": {"angle": 0, "axis": "y", "origin": [0.5, 6.5, 8]},
			"faces": {
				"north": {"uv": [9, 8, 10, 9], "rotation": 270, "texture": "#0"},
				"east": {"uv": [1, 11, 0, 10], "rotation": 270, "texture": "#0"},
				"south": {"uv": [9, 7, 10, 8], "rotation": 90, "texture": "#0"},
				"west": {"uv": [11, 0, 10, 1], "rotation": 270, "texture": "#0"},
				"up": {"uv": [8, 9, 9, 10], "rotation": 90, "texture": "#0"},
				"down": {"uv": [9, 9, 10, 10], "rotation": 90, "texture": "#0"}
			}
		},
		{
			"from": [0, 5, 9],
			"to": [1, 6, 10],
			"rotation": {"angle": 0, "axis": "y", "origin": [0.5, 6.5, 8]},
			"faces": {
				"north": {"uv": [2, 10, 3, 11], "rotation": 270, "texture": "#0"},
				"east": {"uv": [4, 11, 3, 10], "rotation": 270, "texture": "#0"},
				"south": {"uv": [1, 10, 2, 11], "rotation": 90, "texture": "#0"},
				"west": {"uv": [11, 3, 10, 4], "rotation": 270, "texture": "#0"},
				"up": {"uv": [10, 1, 11, 2], "rotation": 90, "texture": "#0"},
				"down": {"uv": [10, 2, 11, 3], "rotation": 90, "texture": "#0"}
			}
		},
		{
			"from": [0, 5, 8],
			"to": [1, 6, 9],
			"rotation": {"angle": 0, "axis": "y", "origin": [0.5, 6.5, 8]},
			"faces": {
				"north": {"uv": [5, 10, 6, 11], "rotation": 270, "texture": "#0"},
				"east": {"uv": [7, 11, 6, 10], "rotation": 270, "texture": "#0"},
				"south": {"uv": [4, 10, 5, 11], "rotation": 90, "texture": "#0"},
				"west": {"uv": [11, 6, 10, 7], "rotation": 270, "texture": "#0"},
				"up": {"uv": [10, 4, 11, 5], "rotation": 90, "texture": "#0"},
				"down": {"uv": [10, 5, 11, 6], "rotation": 90, "texture": "#0"}
			}
		},
		{
			"from": [0, 7, 8],
			"to": [1, 8, 9],
			"rotation": {"angle": 0, "axis": "y", "origin": [0.5, 6.5, 8]},
			"faces": {
				"north": {"uv": [8, 10, 9, 11], "rotation": 270, "texture": "#0"},
				"east": {"uv": [10, 11, 9, 10], "rotation": 270, "texture": "#0"},
				"south": {"uv": [7, 10, 8, 11], "rotation": 90, "texture": "#0"},
				"west": {"uv": [11, 9, 10, 10], "rotation": 270, "texture": "#0"},
				"up": {"uv": [10, 7, 11, 8], "rotation": 90, "texture": "#0"},
				"down": {"uv": [10, 8, 11, 9], "rotation": 90, "texture": "#0"}
			}
		},
		{
			"from": [0, 6, 8],
			"to": [1, 7, 9],
			"rotation": {"angle": 0, "axis": "y", "origin": [0.5, 6.5, 8]},
			"faces": {
				"north": {"uv": [11, 0, 12, 1], "rotation": 270, "texture": "#0"},
				"east": {"uv": [12, 2, 11, 1], "rotation": 270, "texture": "#0"},
				"south": {"uv": [10, 10, 11, 11], "rotation": 90, "texture": "#0"},
				"west": {"uv": [3, 11, 2, 12], "rotation": 270, "texture": "#0"},
				"up": {"uv": [0, 11, 1, 12], "rotation": 90, "texture": "#0"},
				"down": {"uv": [1, 11, 2, 12], "rotation": 90, "texture": "#0"}
			}
		},
		{
			"from": [0, 6, 7],
			"to": [1, 7, 8],
			"rotation": {"angle": 0, "axis": "y", "origin": [0.5, 6.5, 8]},
			"faces": {
				"north": {"uv": [11, 3, 12, 4], "rotation": 270, "texture": "#0"},
				"east": {"uv": [12, 5, 11, 4], "rotation": 270, "texture": "#0"},
				"south": {"uv": [11, 2, 12, 3], "rotation": 90, "texture": "#0"},
				"west": {"uv": [6, 11, 5, 12], "rotation": 270, "texture": "#0"},
				"up": {"uv": [3, 11, 4, 12], "rotation": 90, "texture": "#0"},
				"down": {"uv": [4, 11, 5, 12], "rotation": 90, "texture": "#0"}
			}
		},
		{
			"from": [0, 7, 7],
			"to": [1, 8, 8],
			"rotation": {"angle": 0, "axis": "y", "origin": [0.5, 6.5, 8]},
			"faces": {
				"north": {"uv": [1, 0, 2, 1], "rotation": 270, "texture": "#0"},
				"east": {"uv": [1, 3, 0, 2], "rotation": 270, "texture": "#0"},
				"south": {"uv": [0, 0, 1, 1], "rotation": 90, "texture": "#0"},
				"west": {"uv": [3, 0, 2, 1], "rotation": 270, "texture": "#0"},
				"up": {"uv": [0, 1, 1, 2], "rotation": 90, "texture": "#0"},
				"down": {"uv": [1, 1, 2, 2], "rotation": 90, "texture": "#0"}
			}
		},
		{
			"from": [0, 8, 7],
			"to": [1, 9, 8],
			"rotation": {"angle": 0, "axis": "y", "origin": [0.5, 6.5, 8]},
			"faces": {
				"north": {"uv": [11, 6, 12, 7], "rotation": 270, "texture": "#0"},
				"east": {"uv": [12, 8, 11, 7], "rotation": 270, "texture": "#0"},
				"south": {"uv": [11, 5, 12, 6], "rotation": 90, "texture": "#0"},
				"west": {"uv": [9, 11, 8, 12], "rotation": 270, "texture": "#0"},
				"up": {"uv": [6, 11, 7, 12], "rotation": 90, "texture": "#0"},
				"down": {"uv": [7, 11, 8, 12], "rotation": 90, "texture": "#0"}
			}
		},
		{
			"from": [0, 6, 6],
			"to": [1, 7, 7],
			"rotation": {"angle": 0, "axis": "y", "origin": [0.5, 6.5, 8]},
			"faces": {
				"north": {"uv": [0.5, 0, 1, 0.5], "rotation": 270, "texture": "#1"},
				"east": {"uv": [0.5, 1.5, 0, 1], "rotation": 270, "texture": "#1"},
				"south": {"uv": [0, 0, 0.5, 0.5], "rotation": 90, "texture": "#1"},
				"west": {"uv": [1.5, 0, 1, 0.5], "rotation": 270, "texture": "#1"},
				"up": {"uv": [0, 0.5, 0.5, 1], "rotation": 90, "texture": "#1"},
				"down": {"uv": [0.5, 0.5, 1, 1], "rotation": 90, "texture": "#1"}
			}
		},
		{
			"from": [0, 7, 6],
			"to": [1, 8, 7],
			"rotation": {"angle": 0, "axis": "y", "origin": [0.5, 6.5, 8]},
			"faces": {
				"north": {"uv": [1, 1, 1.5, 1.5], "rotation": 270, "texture": "#1"},
				"east": {"uv": [2, 0.5, 1.5, 0], "rotation": 270, "texture": "#1"},
				"south": {"uv": [0.5, 1, 1, 1.5], "rotation": 90, "texture": "#1"},
				"west": {"uv": [1, 1.5, 0.5, 2], "rotation": 270, "texture": "#1"},
				"up": {"uv": [1, 0.5, 1.5, 1], "rotation": 90, "texture": "#1"},
				"down": {"uv": [0, 1.5, 0.5, 2], "rotation": 90, "texture": "#1"}
			}
		},
		{
			"from": [0, 8, 6],
			"to": [1, 9, 7],
			"rotation": {"angle": 0, "axis": "y", "origin": [0.5, 6.5, 8]},
			"faces": {
				"north": {"uv": [1.5, 1, 2, 1.5], "rotation": 270, "texture": "#1"},
				"east": {"uv": [0.5, 2.5, 0, 2], "rotation": 270, "texture": "#1"},
				"south": {"uv": [1.5, 0.5, 2, 1], "rotation": 90, "texture": "#1"},
				"west": {"uv": [2.5, 0, 2, 0.5], "rotation": 270, "texture": "#1"},
				"up": {"uv": [1, 1.5, 1.5, 2], "rotation": 90, "texture": "#1"},
				"down": {"uv": [1.5, 1.5, 2, 2], "rotation": 90, "texture": "#1"}
			}
		},
		{
			"from": [0, 5, 6],
			"to": [1, 6, 7],
			"rotation": {"angle": 0, "axis": "y", "origin": [0.5, 6.5, 8]},
			"faces": {
				"north": {"uv": [1, 2, 1.5, 2.5], "rotation": 270, "texture": "#1"},
				"east": {"uv": [2, 2.5, 1.5, 2], "rotation": 270, "texture": "#1"},
				"south": {"uv": [0.5, 2, 1, 2.5], "rotation": 90, "texture": "#1"},
				"west": {"uv": [2.5, 1.5, 2, 2], "rotation": 270, "texture": "#1"},
				"up": {"uv": [2, 0.5, 2.5, 1], "rotation": 90, "texture": "#1"},
				"down": {"uv": [2, 1, 2.5, 1.5], "rotation": 90, "texture": "#1"}
			}
		},
		{
			"from": [0, 3, 6],
			"to": [1, 4, 7],
			"rotation": {"angle": 0, "axis": "y", "origin": [0.5, 6.5, 8]},
			"faces": {
				"north": {"uv": [2.5, 0, 3, 0.5], "rotation": 270, "texture": "#1"},
				"east": {"uv": [3, 1, 2.5, 0.5], "rotation": 270, "texture": "#1"},
				"south": {"uv": [2, 2, 2.5, 2.5], "rotation": 90, "texture": "#1"},
				"west": {"uv": [1.5, 2.5, 1, 3], "rotation": 270, "texture": "#1"},
				"up": {"uv": [0, 2.5, 0.5, 3], "rotation": 90, "texture": "#1"},
				"down": {"uv": [0.5, 2.5, 1, 3], "rotation": 90, "texture": "#1"}
			}
		},
		{
			"from": [0, 4, 6],
			"to": [1, 5, 7],
			"rotation": {"angle": 0, "axis": "y", "origin": [0.5, 6.5, 8]},
			"faces": {
				"north": {"uv": [2.5, 1.5, 3, 2], "rotation": 270, "texture": "#1"},
				"east": {"uv": [3, 2.5, 2.5, 2], "rotation": 270, "texture": "#1"},
				"south": {"uv": [2.5, 1, 3, 1.5], "rotation": 90, "texture": "#1"},
				"west": {"uv": [3, 2.5, 2.5, 3], "rotation": 270, "texture": "#1"},
				"up": {"uv": [1.5, 2.5, 2, 3], "rotation": 90, "texture": "#1"},
				"down": {"uv": [2, 2.5, 2.5, 3], "rotation": 90, "texture": "#1"}
			}
		},
		{
			"from": [0, 3, 5],
			"to": [1, 4, 6],
			"rotation": {"angle": 0, "axis": "y", "origin": [0.5, 6.5, 8]},
			"faces": {
				"north": {"uv": [0.5, 3, 1, 3.5], "rotation": 270, "texture": "#1"},
				"east": {"uv": [1.5, 3.5, 1, 3], "rotation": 270, "texture": "#1"},
				"south": {"uv": [0, 3, 0.5, 3.5], "rotation": 90, "texture": "#1"},
				"west": {"uv": [3.5, 1, 3, 1.5], "rotation": 270, "texture": "#1"},
				"up": {"uv": [3, 0, 3.5, 0.5], "rotation": 90, "texture": "#1"},
				"down": {"uv": [3, 0.5, 3.5, 1], "rotation": 90, "texture": "#1"}
			}
		},
		{
			"from": [0, 4, 4],
			"to": [1, 5, 5],
			"rotation": {"angle": 0, "axis": "y", "origin": [0.5, 6.5, 8]},
			"faces": {
				"north": {"uv": [2, 3, 2.5, 3.5], "rotation": 270, "texture": "#1"},
				"east": {"uv": [3, 3.5, 2.5, 3], "rotation": 270, "texture": "#1"},
				"south": {"uv": [1.5, 3, 2, 3.5], "rotation": 90, "texture": "#1"},
				"west": {"uv": [3.5, 2.5, 3, 3], "rotation": 270, "texture": "#1"},
				"up": {"uv": [3, 1.5, 3.5, 2], "rotation": 90, "texture": "#1"},
				"down": {"uv": [3, 2, 3.5, 2.5], "rotation": 90, "texture": "#1"}
			}
		},
		{
			"from": [0, 4, 5],
			"to": [1, 5, 6],
			"rotation": {"angle": 0, "axis": "y", "origin": [0.5, 6.5, 8]},
			"faces": {
				"north": {"uv": [3.5, 0, 4, 0.5], "rotation": 270, "texture": "#1"},
				"east": {"uv": [4, 1, 3.5, 0.5], "rotation": 270, "texture": "#1"},
				"south": {"uv": [3, 3, 3.5, 3.5], "rotation": 90, "texture": "#1"},
				"west": {"uv": [1.5, 3.5, 1, 4], "rotation": 270, "texture": "#1"},
				"up": {"uv": [0, 3.5, 0.5, 4], "rotation": 90, "texture": "#1"},
				"down": {"uv": [0.5, 3.5, 1, 4], "rotation": 90, "texture": "#1"}
			}
		},
		{
			"from": [0, 6, 3],
			"to": [1, 7, 4],
			"rotation": {"angle": 0, "axis": "y", "origin": [0.5, 6.5, 8]},
			"faces": {
				"north": {"uv": [3.5, 1.5, 4, 2], "rotation": 270, "texture": "#1"},
				"east": {"uv": [4, 2.5, 3.5, 2], "rotation": 270, "texture": "#1"},
				"south": {"uv": [3.5, 1, 4, 1.5], "rotation": 90, "texture": "#1"},
				"west": {"uv": [3, 3.5, 2.5, 4], "rotation": 270, "texture": "#1"},
				"up": {"uv": [1.5, 3.5, 2, 4], "rotation": 90, "texture": "#1"},
				"down": {"uv": [2, 3.5, 2.5, 4], "rotation": 90, "texture": "#1"}
			}
		},
		{
			"from": [0, 6, 2],
			"to": [1, 7, 3],
			"rotation": {"angle": 0, "axis": "y", "origin": [0.5, 6.5, 8]},
			"faces": {
				"north": {"uv": [3.5, 3, 4, 3.5], "rotation": 270, "texture": "#1"},
				"east": {"uv": [0.5, 4.5, 0, 4], "rotation": 270, "texture": "#1"},
				"south": {"uv": [3.5, 2.5, 4, 3], "rotation": 90, "texture": "#1"},
				"west": {"uv": [4.5, 0, 4, 0.5], "rotation": 270, "texture": "#1"},
				"up": {"uv": [3, 3.5, 3.5, 4], "rotation": 90, "texture": "#1"},
				"down": {"uv": [3.5, 3.5, 4, 4], "rotation": 90, "texture": "#1"}
			}
		},
		{
			"from": [0, 7, 1],
			"to": [1, 8, 2],
			"rotation": {"angle": 0, "axis": "y", "origin": [0.5, 6.5, 8]},
			"faces": {
				"north": {"uv": [1, 4, 1.5, 4.5], "rotation": 270, "texture": "#1"},
				"east": {"uv": [2, 4.5, 1.5, 4], "rotation": 270, "texture": "#1"},
				"south": {"uv": [0.5, 4, 1, 4.5], "rotation": 90, "texture": "#1"},
				"west": {"uv": [4.5, 1.5, 4, 2], "rotation": 270, "texture": "#1"},
				"up": {"uv": [4, 0.5, 4.5, 1], "rotation": 90, "texture": "#1"},
				"down": {"uv": [4, 1, 4.5, 1.5], "rotation": 90, "texture": "#1"}
			}
		},
		{
			"from": [0, 8, 1],
			"to": [1, 9, 2],
			"rotation": {"angle": 0, "axis": "y", "origin": [0.5, 6.5, 8]},
			"faces": {
				"north": {"uv": [2.5, 4, 3, 4.5], "rotation": 270, "texture": "#1"},
				"east": {"uv": [3.5, 4.5, 3, 4], "rotation": 270, "texture": "#1"},
				"south": {"uv": [2, 4, 2.5, 4.5], "rotation": 90, "texture": "#1"},
				"west": {"uv": [4.5, 3, 4, 3.5], "rotation": 270, "texture": "#1"},
				"up": {"uv": [4, 2, 4.5, 2.5], "rotation": 90, "texture": "#1"},
				"down": {"uv": [4, 2.5, 4.5, 3], "rotation": 90, "texture": "#1"}
			}
		},
		{
			"from": [0, 9, 2],
			"to": [1, 10, 3],
			"rotation": {"angle": 0, "axis": "y", "origin": [0.5, 6.5, 8]},
			"faces": {
				"north": {"uv": [4, 4, 4.5, 4.5], "rotation": 270, "texture": "#1"},
				"east": {"uv": [5, 0.5, 4.5, 0], "rotation": 270, "texture": "#1"},
				"south": {"uv": [3.5, 4, 4, 4.5], "rotation": 90, "texture": "#1"},
				"west": {"uv": [1, 4.5, 0.5, 5], "rotation": 270, "texture": "#1"},
				"up": {"uv": [4, 3.5, 4.5, 4], "rotation": 90, "texture": "#1"},
				"down": {"uv": [0, 4.5, 0.5, 5], "rotation": 90, "texture": "#1"}
			}
		},
		{
			"from": [0, 10, 3],
			"to": [1, 11, 4],
			"rotation": {"angle": 0, "axis": "y", "origin": [0.5, 6.5, 8]},
			"faces": {
				"north": {"uv": [4.5, 1, 5, 1.5], "rotation": 270, "texture": "#1"},
				"east": {"uv": [5, 2, 4.5, 1.5], "rotation": 270, "texture": "#1"},
				"south": {"uv": [4.5, 0.5, 5, 1], "rotation": 90, "texture": "#1"},
				"west": {"uv": [2.5, 4.5, 2, 5], "rotation": 270, "texture": "#1"},
				"up": {"uv": [1, 4.5, 1.5, 5], "rotation": 90, "texture": "#1"},
				"down": {"uv": [1.5, 4.5, 2, 5], "rotation": 90, "texture": "#1"}
			}
		},
		{
			"from": [0, 11, 4],
			"to": [1, 12, 5],
			"rotation": {"angle": 0, "axis": "y", "origin": [0.5, 6.5, 8]},
			"faces": {
				"north": {"uv": [4.5, 2.5, 5, 3], "rotation": 270, "texture": "#1"},
				"east": {"uv": [5, 3.5, 4.5, 3], "rotation": 270, "texture": "#1"},
				"south": {"uv": [4.5, 2, 5, 2.5], "rotation": 90, "texture": "#1"},
				"west": {"uv": [4, 4.5, 3.5, 5], "rotation": 270, "texture": "#1"},
				"up": {"uv": [2.5, 4.5, 3, 5], "rotation": 90, "texture": "#1"},
				"down": {"uv": [3, 4.5, 3.5, 5], "rotation": 90, "texture": "#1"}
			}
		},
		{
			"from": [0, 12, 5],
			"to": [1, 13, 6],
			"rotation": {"angle": 0, "axis": "y", "origin": [0.5, 6.5, 8]},
			"faces": {
				"north": {"uv": [4.5, 4, 5, 4.5], "rotation": 270, "texture": "#1"},
				"east": {"uv": [0.5, 5.5, 0, 5], "rotation": 270, "texture": "#1"},
				"south": {"uv": [4.5, 3.5, 5, 4], "rotation": 90, "texture": "#1"},
				"west": {"uv": [5.5, 0, 5, 0.5], "rotation": 270, "texture": "#1"},
				"up": {"uv": [4, 4.5, 4.5, 5], "rotation": 90, "texture": "#1"},
				"down": {"uv": [4.5, 4.5, 5, 5], "rotation": 90, "texture": "#1"}
			}
		},
		{
			"from": [0, 12, 6],
			"to": [1, 13, 7],
			"rotation": {"angle": 0, "axis": "y", "origin": [0.5, 6.5, 8]},
			"faces": {
				"north": {"uv": [1, 5, 1.5, 5.5], "rotation": 270, "texture": "#1"},
				"east": {"uv": [2, 5.5, 1.5, 5], "rotation": 270, "texture": "#1"},
				"south": {"uv": [0.5, 5, 1, 5.5], "rotation": 90, "texture": "#1"},
				"west": {"uv": [5.5, 1.5, 5, 2], "rotation": 270, "texture": "#1"},
				"up": {"uv": [5, 0.5, 5.5, 1], "rotation": 90, "texture": "#1"},
				"down": {"uv": [5, 1, 5.5, 1.5], "rotation": 90, "texture": "#1"}
			}
		},
		{
			"from": [0, 12, 7],
			"to": [1, 13, 8],
			"rotation": {"angle": 0, "axis": "y", "origin": [0.5, 6.5, 8]},
			"faces": {
				"north": {"uv": [2.5, 5, 3, 5.5], "rotation": 270, "texture": "#1"},
				"east": {"uv": [3.5, 5.5, 3, 5], "rotation": 270, "texture": "#1"},
				"south": {"uv": [2, 5, 2.5, 5.5], "rotation": 90, "texture": "#1"},
				"west": {"uv": [5.5, 3, 5, 3.5], "rotation": 270, "texture": "#1"},
				"up": {"uv": [5, 2, 5.5, 2.5], "rotation": 90, "texture": "#1"},
				"down": {"uv": [5, 2.5, 5.5, 3], "rotation": 90, "texture": "#1"}
			}
		},
		{
			"from": [0, 12, 8],
			"to": [1, 13, 9],
			"rotation": {"angle": 0, "axis": "y", "origin": [0.5, 6.5, 8]},
			"faces": {
				"north": {"uv": [4, 5, 4.5, 5.5], "rotation": 270, "texture": "#1"},
				"east": {"uv": [5, 5.5, 4.5, 5], "rotation": 270, "texture": "#1"},
				"south": {"uv": [3.5, 5, 4, 5.5], "rotation": 90, "texture": "#1"},
				"west": {"uv": [5.5, 4.5, 5, 5], "rotation": 270, "texture": "#1"},
				"up": {"uv": [5, 3.5, 5.5, 4], "rotation": 90, "texture": "#1"},
				"down": {"uv": [5, 4, 5.5, 4.5], "rotation": 90, "texture": "#1"}
			}
		},
		{
			"from": [0, 11, 8],
			"to": [1, 12, 9],
			"rotation": {"angle": 0, "axis": "y", "origin": [0.5, 6.5, 8]},
			"faces": {
				"north": {"uv": [5.5, 0, 6, 0.5], "rotation": 270, "texture": "#1"},
				"east": {"uv": [6, 1, 5.5, 0.5], "rotation": 270, "texture": "#1"},
				"south": {"uv": [5, 5, 5.5, 5.5], "rotation": 90, "texture": "#1"},
				"west": {"uv": [1.5, 5.5, 1, 6], "rotation": 270, "texture": "#1"},
				"up": {"uv": [0, 5.5, 0.5, 6], "rotation": 90, "texture": "#1"},
				"down": {"uv": [0.5, 5.5, 1, 6], "rotation": 90, "texture": "#1"}
			}
		},
		{
			"from": [0, 10, 7],
			"to": [1, 11, 8],
			"rotation": {"angle": 0, "axis": "y", "origin": [0.5, 6.5, 8]},
			"faces": {
				"north": {"uv": [5.5, 1.5, 6, 2], "rotation": 270, "texture": "#1"},
				"east": {"uv": [6, 2.5, 5.5, 2], "rotation": 270, "texture": "#1"},
				"south": {"uv": [5.5, 1, 6, 1.5], "rotation": 90, "texture": "#1"},
				"west": {"uv": [3, 5.5, 2.5, 6], "rotation": 270, "texture": "#1"},
				"up": {"uv": [1.5, 5.5, 2, 6], "rotation": 90, "texture": "#1"},
				"down": {"uv": [2, 5.5, 2.5, 6], "rotation": 90, "texture": "#1"}
			}
		},
		{
			"from": [0, 9, 6],
			"to": [1, 10, 7],
			"rotation": {"angle": 0, "axis": "y", "origin": [0.5, 6.5, 8]},
			"faces": {
				"north": {"uv": [5.5, 3, 6, 3.5], "rotation": 270, "texture": "#1"},
				"east": {"uv": [6, 4, 5.5, 3.5], "rotation": 270, "texture": "#1"},
				"south": {"uv": [5.5, 2.5, 6, 3], "rotation": 90, "texture": "#1"},
				"west": {"uv": [4.5, 5.5, 4, 6], "rotation": 270, "texture": "#1"},
				"up": {"uv": [3, 5.5, 3.5, 6], "rotation": 90, "texture": "#1"},
				"down": {"uv": [3.5, 5.5, 4, 6], "rotation": 90, "texture": "#1"}
			}
		},
		{
			"from": [0, 11, 7],
			"to": [1, 12, 8],
			"rotation": {"angle": 0, "axis": "y", "origin": [0.5, 6.5, 8]},
			"faces": {
				"north": {"uv": [5.5, 4.5, 6, 5], "rotation": 270, "texture": "#1"},
				"east": {"uv": [6, 5.5, 5.5, 5], "rotation": 270, "texture": "#1"},
				"south": {"uv": [5.5, 4, 6, 4.5], "rotation": 90, "texture": "#1"},
				"west": {"uv": [6, 5.5, 5.5, 6], "rotation": 270, "texture": "#1"},
				"up": {"uv": [4.5, 5.5, 5, 6], "rotation": 90, "texture": "#1"},
				"down": {"uv": [5, 5.5, 5.5, 6], "rotation": 90, "texture": "#1"}
			}
		},
		{
			"from": [0, 11, 6],
			"to": [1, 12, 7],
			"rotation": {"angle": 0, "axis": "y", "origin": [0.5, 6.5, 8]},
			"faces": {
				"north": {"uv": [0.5, 6, 1, 6.5], "rotation": 270, "texture": "#1"},
				"east": {"uv": [1.5, 6.5, 1, 6], "rotation": 270, "texture": "#1"},
				"south": {"uv": [0, 6, 0.5, 6.5], "rotation": 90, "texture": "#1"},
				"west": {"uv": [6.5, 1, 6, 1.5], "rotation": 270, "texture": "#1"},
				"up": {"uv": [6, 0, 6.5, 0.5], "rotation": 90, "texture": "#1"},
				"down": {"uv": [6, 0.5, 6.5, 1], "rotation": 90, "texture": "#1"}
			}
		},
		{
			"from": [0, 11, 5],
			"to": [1, 12, 6],
			"rotation": {"angle": 0, "axis": "y", "origin": [0.5, 6.5, 8]},
			"faces": {
				"north": {"uv": [2, 6, 2.5, 6.5], "rotation": 270, "texture": "#1"},
				"east": {"uv": [3, 6.5, 2.5, 6], "rotation": 270, "texture": "#1"},
				"south": {"uv": [1.5, 6, 2, 6.5], "rotation": 90, "texture": "#1"},
				"west": {"uv": [6.5, 2.5, 6, 3], "rotation": 270, "texture": "#1"},
				"up": {"uv": [6, 1.5, 6.5, 2], "rotation": 90, "texture": "#1"},
				"down": {"uv": [6, 2, 6.5, 2.5], "rotation": 90, "texture": "#1"}
			}
		},
		{
			"from": [0, 10, 6],
			"to": [1, 11, 7],
			"rotation": {"angle": 0, "axis": "y", "origin": [0.5, 6.5, 8]},
			"faces": {
				"north": {"uv": [3.5, 6, 4, 6.5], "rotation": 270, "texture": "#1"},
				"east": {"uv": [4.5, 6.5, 4, 6], "rotation": 270, "texture": "#1"},
				"south": {"uv": [3, 6, 3.5, 6.5], "rotation": 90, "texture": "#1"},
				"west": {"uv": [6.5, 4, 6, 4.5], "rotation": 270, "texture": "#1"},
				"up": {"uv": [6, 3, 6.5, 3.5], "rotation": 90, "texture": "#1"},
				"down": {"uv": [6, 3.5, 6.5, 4], "rotation": 90, "texture": "#1"}
			}
		},
		{
			"from": [0, 10, 5],
			"to": [1, 11, 6],
			"rotation": {"angle": 0, "axis": "y", "origin": [0.5, 6.5, 8]},
			"faces": {
				"north": {"uv": [5, 6, 5.5, 6.5], "rotation": 270, "texture": "#1"},
				"east": {"uv": [6, 6.5, 5.5, 6], "rotation": 270, "texture": "#1"},
				"south": {"uv": [4.5, 6, 5, 6.5], "rotation": 90, "texture": "#1"},
				"west": {"uv": [6.5, 5.5, 6, 6], "rotation": 270, "texture": "#1"},
				"up": {"uv": [6, 4.5, 6.5, 5], "rotation": 90, "texture": "#1"},
				"down": {"uv": [6, 5, 6.5, 5.5], "rotation": 90, "texture": "#1"}
			}
		},
		{
			"from": [0, 10, 4],
			"to": [1, 11, 5],
			"rotation": {"angle": 0, "axis": "y", "origin": [0.5, 6.5, 8]},
			"faces": {
				"north": {"uv": [6.5, 0, 7, 0.5], "rotation": 270, "texture": "#1"},
				"east": {"uv": [7, 1, 6.5, 0.5], "rotation": 270, "texture": "#1"},
				"south": {"uv": [6, 6, 6.5, 6.5], "rotation": 90, "texture": "#1"},
				"west": {"uv": [1.5, 6.5, 1, 7], "rotation": 270, "texture": "#1"},
				"up": {"uv": [0, 6.5, 0.5, 7], "rotation": 90, "texture": "#1"},
				"down": {"uv": [0.5, 6.5, 1, 7], "rotation": 90, "texture": "#1"}
			}
		},
		{
			"from": [0, 9, 3],
			"to": [1, 10, 4],
			"rotation": {"angle": 0, "axis": "y", "origin": [0.5, 6.5, 8]},
			"faces": {
				"north": {"uv": [6.5, 1.5, 7, 2], "rotation": 270, "texture": "#1"},
				"east": {"uv": [7, 2.5, 6.5, 2], "rotation": 270, "texture": "#1"},
				"south": {"uv": [6.5, 1, 7, 1.5], "rotation": 90, "texture": "#1"},
				"west": {"uv": [3, 6.5, 2.5, 7], "rotation": 270, "texture": "#1"},
				"up": {"uv": [1.5, 6.5, 2, 7], "rotation": 90, "texture": "#1"},
				"down": {"uv": [2, 6.5, 2.5, 7], "rotation": 90, "texture": "#1"}
			}
		},
		{
			"from": [0, 9, 4],
			"to": [1, 10, 5],
			"rotation": {"angle": 0, "axis": "y", "origin": [0.5, 6.5, 8]},
			"faces": {
				"north": {"uv": [6.5, 3, 7, 3.5], "rotation": 270, "texture": "#1"},
				"east": {"uv": [7, 4, 6.5, 3.5], "rotation": 270, "texture": "#1"},
				"south": {"uv": [6.5, 2.5, 7, 3], "rotation": 90, "texture": "#1"},
				"west": {"uv": [4.5, 6.5, 4, 7], "rotation": 270, "texture": "#1"},
				"up": {"uv": [3, 6.5, 3.5, 7], "rotation": 90, "texture": "#1"},
				"down": {"uv": [3.5, 6.5, 4, 7], "rotation": 90, "texture": "#1"}
			}
		},
		{
			"from": [0, 9, 5],
			"to": [1, 10, 6],
			"rotation": {"angle": 0, "axis": "y", "origin": [0.5, 6.5, 8]},
			"faces": {
				"north": {"uv": [6.5, 4.5, 7, 5], "rotation": 270, "texture": "#1"},
				"east": {"uv": [7, 5.5, 6.5, 5], "rotation": 270, "texture": "#1"},
				"south": {"uv": [6.5, 4, 7, 4.5], "rotation": 90, "texture": "#1"},
				"west": {"uv": [6, 6.5, 5.5, 7], "rotation": 270, "texture": "#1"},
				"up": {"uv": [4.5, 6.5, 5, 7], "rotation": 90, "texture": "#1"},
				"down": {"uv": [5, 6.5, 5.5, 7], "rotation": 90, "texture": "#1"}
			}
		},
		{
			"from": [0, 8, 5],
			"to": [1, 9, 6],
			"rotation": {"angle": 0, "axis": "y", "origin": [0.5, 6.5, 8]},
			"faces": {
				"north": {"uv": [6.5, 6, 7, 6.5], "rotation": 270, "texture": "#1"},
				"east": {"uv": [0.5, 7.5, 0, 7], "rotation": 270, "texture": "#1"},
				"south": {"uv": [6.5, 5.5, 7, 6], "rotation": 90, "texture": "#1"},
				"west": {"uv": [7.5, 0, 7, 0.5], "rotation": 270, "texture": "#1"},
				"up": {"uv": [6, 6.5, 6.5, 7], "rotation": 90, "texture": "#1"},
				"down": {"uv": [6.5, 6.5, 7, 7], "rotation": 90, "texture": "#1"}
			}
		},
		{
			"from": [0, 8, 4],
			"to": [1, 9, 5],
			"rotation": {"angle": 0, "axis": "y", "origin": [0.5, 6.5, 8]},
			"faces": {
				"north": {"uv": [1, 7, 1.5, 7.5], "rotation": 270, "texture": "#1"},
				"east": {"uv": [2, 7.5, 1.5, 7], "rotation": 270, "texture": "#1"},
				"south": {"uv": [0.5, 7, 1, 7.5], "rotation": 90, "texture": "#1"},
				"west": {"uv": [7.5, 1.5, 7, 2], "rotation": 270, "texture": "#1"},
				"up": {"uv": [7, 0.5, 7.5, 1], "rotation": 90, "texture": "#1"},
				"down": {"uv": [7, 1, 7.5, 1.5], "rotation": 90, "texture": "#1"}
			}
		},
		{
			"from": [0, 8, 3],
			"to": [1, 9, 4],
			"rotation": {"angle": 0, "axis": "y", "origin": [0.5, 6.5, 8]},
			"faces": {
				"north": {"uv": [2.5, 7, 3, 7.5], "rotation": 270, "texture": "#1"},
				"east": {"uv": [3.5, 7.5, 3, 7], "rotation": 270, "texture": "#1"},
				"south": {"uv": [2, 7, 2.5, 7.5], "rotation": 90, "texture": "#1"},
				"west": {"uv": [7.5, 3, 7, 3.5], "rotation": 270, "texture": "#1"},
				"up": {"uv": [7, 2, 7.5, 2.5], "rotation": 90, "texture": "#1"},
				"down": {"uv": [7, 2.5, 7.5, 3], "rotation": 90, "texture": "#1"}
			}
		},
		{
			"from": [0, 7, 4],
			"to": [1, 8, 5],
			"rotation": {"angle": 0, "axis": "y", "origin": [0.5, 6.5, 8]},
			"faces": {
				"north": {"uv": [4, 7, 4.5, 7.5], "rotation": 270, "texture": "#1"},
				"east": {"uv": [5, 7.5, 4.5, 7], "rotation": 270, "texture": "#1"},
				"south": {"uv": [3.5, 7, 4, 7.5], "rotation": 90, "texture": "#1"},
				"west": {"uv": [7.5, 4.5, 7, 5], "rotation": 270, "texture": "#1"},
				"up": {"uv": [7, 3.5, 7.5, 4], "rotation": 90, "texture": "#1"},
				"down": {"uv": [7, 4, 7.5, 4.5], "rotation": 90, "texture": "#1"}
			}
		},
		{
			"from": [0, 7, 5],
			"to": [1, 8, 6],
			"rotation": {"angle": 0, "axis": "y", "origin": [0.5, 6.5, 8]},
			"faces": {
				"north": {"uv": [5.5, 7, 6, 7.5], "rotation": 270, "texture": "#1"},
				"east": {"uv": [6.5, 7.5, 6, 7], "rotation": 270, "texture": "#1"},
				"south": {"uv": [5, 7, 5.5, 7.5], "rotation": 90, "texture": "#1"},
				"west": {"uv": [7.5, 6, 7, 6.5], "rotation": 270, "texture": "#1"},
				"up": {"uv": [7, 5, 7.5, 5.5], "rotation": 90, "texture": "#1"},
				"down": {"uv": [7, 5.5, 7.5, 6], "rotation": 90, "texture": "#1"}
			}
		},
		{
			"from": [0, 6, 5],
			"to": [1, 7, 6],
			"rotation": {"angle": 0, "axis": "y", "origin": [0.5, 6.5, 8]},
			"faces": {
				"north": {"uv": [7, 7, 7.5, 7.5], "rotation": 270, "texture": "#1"},
				"east": {"uv": [8, 0.5, 7.5, 0], "rotation": 270, "texture": "#1"},
				"south": {"uv": [6.5, 7, 7, 7.5], "rotation": 90, "texture": "#1"},
				"west": {"uv": [1, 7.5, 0.5, 8], "rotation": 270, "texture": "#1"},
				"up": {"uv": [7, 6.5, 7.5, 7], "rotation": 90, "texture": "#1"},
				"down": {"uv": [0, 7.5, 0.5, 8], "rotation": 90, "texture": "#1"}
			}
		},
		{
			"from": [0, 6, 4],
			"to": [1, 7, 5],
			"rotation": {"angle": 0, "axis": "y", "origin": [0.5, 6.5, 8]},
			"faces": {
				"north": {"uv": [7.5, 2.5, 8, 3], "rotation": 270, "texture": "#1"},
				"east": {"uv": [8, 3.5, 7.5, 3], "rotation": 270, "texture": "#1"},
				"south": {"uv": [7.5, 2, 8, 2.5], "rotation": 90, "texture": "#1"},
				"west": {"uv": [4, 7.5, 3.5, 8], "rotation": 270, "texture": "#1"},
				"up": {"uv": [2.5, 7.5, 3, 8], "rotation": 90, "texture": "#1"},
				"down": {"uv": [3, 7.5, 3.5, 8], "rotation": 90, "texture": "#1"}
			}
		},
		{
			"from": [0, 8, 2],
			"to": [1, 9, 3],
			"rotation": {"angle": 0, "axis": "y", "origin": [0.5, 6.5, 8]},
			"faces": {
				"north": {"uv": [7.5, 4, 8, 4.5], "rotation": 270, "texture": "#1"},
				"east": {"uv": [8, 5, 7.5, 4.5], "rotation": 270, "texture": "#1"},
				"south": {"uv": [7.5, 3.5, 8, 4], "rotation": 90, "texture": "#1"},
				"west": {"uv": [5.5, 7.5, 5, 8], "rotation": 270, "texture": "#1"},
				"up": {"uv": [4, 7.5, 4.5, 8], "rotation": 90, "texture": "#1"},
				"down": {"uv": [4.5, 7.5, 5, 8], "rotation": 90, "texture": "#1"}
			}
		},
		{
			"from": [0, 7, 2],
			"to": [1, 8, 3],
			"rotation": {"angle": 0, "axis": "y", "origin": [0.5, 6.5, 8]},
			"faces": {
				"north": {"uv": [7.5, 5.5, 8, 6], "rotation": 270, "texture": "#1"},
				"east": {"uv": [8, 6.5, 7.5, 6], "rotation": 270, "texture": "#1"},
				"south": {"uv": [7.5, 5, 8, 5.5], "rotation": 90, "texture": "#1"},
				"west": {"uv": [7, 7.5, 6.5, 8], "rotation": 270, "texture": "#1"},
				"up": {"uv": [5.5, 7.5, 6, 8], "rotation": 90, "texture": "#1"},
				"down": {"uv": [6, 7.5, 6.5, 8], "rotation": 90, "texture": "#1"}
			}
		},
		{
			"from": [0, 7, 3],
			"to": [1, 8, 4],
			"rotation": {"angle": 0, "axis": "y", "origin": [0.5, 6.5, 8]},
			"faces": {
				"north": {"uv": [7.5, 7, 8, 7.5], "rotation": 270, "texture": "#1"},
				"east": {"uv": [0.5, 8.5, 0, 8], "rotation": 270, "texture": "#1"},
				"south": {"uv": [7.5, 6.5, 8, 7], "rotation": 90, "texture": "#1"},
				"west": {"uv": [8.5, 0, 8, 0.5], "rotation": 270, "texture": "#1"},
				"up": {"uv": [7, 7.5, 7.5, 8], "rotation": 90, "texture": "#1"},
				"down": {"uv": [7.5, 7.5, 8, 8], "rotation": 90, "texture": "#1"}
			}
		},
		{
			"from": [0, 5, 3],
			"to": [1, 6, 4],
			"rotation": {"angle": 0, "axis": "y", "origin": [0.5, 6.5, 8]},
			"faces": {
				"north": {"uv": [1, 8, 1.5, 8.5], "rotation": 270, "texture": "#1"},
				"east": {"uv": [2, 8.5, 1.5, 8], "rotation": 270, "texture": "#1"},
				"south": {"uv": [0.5, 8, 1, 8.5], "rotation": 90, "texture": "#1"},
				"west": {"uv": [8.5, 1.5, 8, 2], "rotation": 270, "texture": "#1"},
				"up": {"uv": [8, 0.5, 8.5, 1], "rotation": 90, "texture": "#1"},
				"down": {"uv": [8, 1, 8.5, 1.5], "rotation": 90, "texture": "#1"}
			}
		},
		{
			"from": [0, 5, 4],
			"to": [1, 6, 5],
			"rotation": {"angle": 0, "axis": "y", "origin": [0.5, 6.5, 8]},
			"faces": {
				"north": {"uv": [2.5, 8, 3, 8.5], "rotation": 270, "texture": "#1"},
				"east": {"uv": [3.5, 8.5, 3, 8], "rotation": 270, "texture": "#1"},
				"south": {"uv": [2, 8, 2.5, 8.5], "rotation": 90, "texture": "#1"},
				"west": {"uv": [8.5, 3, 8, 3.5], "rotation": 270, "texture": "#1"},
				"up": {"uv": [8, 2, 8.5, 2.5], "rotation": 90, "texture": "#1"},
				"down": {"uv": [8, 2.5, 8.5, 3], "rotation": 90, "texture": "#1"}
			}
		},
		{
			"from": [0, 5, 5],
			"to": [1, 6, 6],
			"rotation": {"angle": 0, "axis": "y", "origin": [0.5, 6.5, 8]},
			"faces": {
				"north": {"uv": [4, 8, 4.5, 8.5], "rotation": 270, "texture": "#1"},
				"east": {"uv": [5, 8.5, 4.5, 8], "rotation": 270, "texture": "#1"},
				"south": {"uv": [3.5, 8, 4, 8.5], "rotation": 90, "texture": "#1"},
				"west": {"uv": [8.5, 4.5, 8, 5], "rotation": 270, "texture": "#1"},
				"up": {"uv": [8, 3.5, 8.5, 4], "rotation": 90, "texture": "#1"},
				"down": {"uv": [8, 4, 8.5, 4.5], "rotation": 90, "texture": "#1"}
			}
		}
	],
	"display": {
		"thirdperson_righthand": {
			"rotation": [33, 0, 0],
			"translation": [5.75, 5, 1],
			"scale": [0.75, 0.75, 0.75]
		},
		"thirdperson_lefthand": {
			"rotation": [-112, 0, 0],
			"translation": [-7.5, -8.25, -2.25],
			"scale": [0.75, 0.75, 0.75]
		},
		"firstperson_righthand": {
			"rotation": [75, 10, -12],
			"translation": [5.5, 4.25, 0.15],
			"scale": [0.75, 0.75, 0.75]
		},
		"firstperson_lefthand": {
			"rotation": [66, 0, 0],
			"translation": [-3.5, 3.75, 0.5],
			"scale": [0.75, 0.75, 0.75]
		},
		"ground": {
			"rotation": [-90, 45, 90],
			"translation": [-3.75, 1.25, -5.5]
		},
		"gui": {
			"rotation": [0.5, -90, 0],
			"translation": [0.5, 1.25, 0]
		},
		"head": {
			"rotation": [-90.16, -10.16, -38],
			"translation": [4.75, 10.5, 4.25]
		},
		"fixed": {
			"rotation": [0, -90, 0],
			"translation": [0.25, 2, 10.5],
			"scale": [1.5, 1.5, 1.5]
		}
	},
	"groups": [
		{
			"name": "Рукоять",
			"origin": [8, 8, 8],
			"color": 0,
			"children": [0, 1, 2, 3, 4, 5, 6, 7, 8, 9, 10, 11, 12, 13, 14, 15, 16, 17, 18, 19, 20, 21, 22]
		},
		{
			"name": "Наконечник",
			"origin": [8, 8, 8],
			"color": 0,
			"children": [23, 24, 25, 26, 27, 28, 29, 30, 31, 32, 33, 34, 35, 36, 37, 38, 39, 40, 41, 42, 43, 44, 45, 46, 47, 48, 49, 50, 51, 52, 53, 54, 55, 56, 57, 58, 59, 60, 61, 62, 63, 64, 65, 66, 67]
		}
	]
}