{
	"credit": "Made with Blockbench",
	"textures": {
		"0": "item/sunflower3",
		"1": "item/sunflower",
		"2": "item/sunflower2",
		"particle": "item/sunflower3"
	},
	"elements": [
		{
			"from": [7.8, 0, 6.8],
			"to": [8.3, 0.5, 9.3],
			"rotation": {"angle": 0, "axis": "y", "origin": [8.05, 0.25, 8.05]},
			"faces": {
				"north": {"uv": [3, 1, 4, 2], "texture": "#1"},
				"east": {"uv": [0, 0, 3, 1], "texture": "#1"},
				"south": {"uv": [4, 1, 5, 2], "texture": "#1"},
				"west": {"uv": [0, 1, 3, 2], "texture": "#1"},
				"up": {"uv": [1, 5, 0, 2], "texture": "#1"},
				"down": {"uv": [2, 2, 1, 5], "texture": "#1"}
			}
		},
		{
			"from": [7.8, 4, 6.8],
			"to": [8.3, 4.5, 9.3],
			"rotation": {"angle": 0, "axis": "x", "origin": [8.05, 4.25, 8.05]},
			"faces": {
				"north": {"uv": [6, 3, 7, 4], "texture": "#1"},
				"east": {"uv": [2, 2, 5, 3], "texture": "#1"},
				"south": {"uv": [4, 6, 5, 7], "texture": "#1"},
				"west": {"uv": [3, 0, 6, 1], "texture": "#1"},
				"up": {"uv": [3, 6, 2, 3], "texture": "#1"},
				"down": {"uv": [4, 3, 3, 6], "texture": "#1"}
			}
		},
		{
			"from": [7.8, 1, 9.8],
			"to": [8.3, 3.5, 10.3],
			"rotation": {"angle": 0, "axis": "x", "origin": [8.05, 0.25, 8.05]},
			"faces": {
				"north": {"uv": [4, 3, 5, 6], "texture": "#1"},
				"east": {"uv": [0, 5, 1, 8], "texture": "#1"},
				"south": {"uv": [1, 5, 2, 8], "texture": "#1"},
				"west": {"uv": [5, 1, 6, 4], "texture": "#1"},
				"up": {"uv": [7, 5, 6, 4], "texture": "#1"},
				"down": {"uv": [7, 5, 6, 6], "texture": "#1"}
			}
		},
		{
			"from": [7.8, 1, 5.8],
			"to": [8.3, 3.5, 6.3],
			"rotation": {"angle": 0, "axis": "y", "origin": [8.05, 0.25, 8.05]},
			"faces": {
				"north": {"uv": [5, 4, 6, 7], "texture": "#1"},
				"east": {"uv": [6, 0, 7, 3], "texture": "#1"},
				"south": {"uv": [2, 6, 3, 9], "texture": "#1"},
				"west": {"uv": [3, 6, 4, 9], "texture": "#1"},
				"up": {"uv": [7, 7, 6, 6], "texture": "#1"},
				"down": {"uv": [8, 0, 7, 1], "texture": "#1"}
			}
		},
		{
			"from": [7.8, 3.61, 5.74512],
			"to": [8.3, 4.09, 7.19512],
			"rotation": {"angle": -45, "axis": "x", "origin": [8.05, 3.83261, 6.49512]},
			"faces": {
				"north": {"uv": [7, 1, 8, 2], "texture": "#1"},
				"east": {"uv": [7, 2, 8, 3], "texture": "#1"},
				"south": {"uv": [7, 3, 8, 4], "texture": "#1"},
				"west": {"uv": [4, 7, 5, 8], "texture": "#1"},
				"up": {"uv": [8, 5, 7, 4], "texture": "#1"},
				"down": {"uv": [6, 7, 5, 8], "texture": "#1"}
			}
		},
		{
			"from": [7.8, -0.86, 5.74512],
			"to": [8.3, -0.38, 7.19512],
			"rotation": {"angle": -45, "axis": "x", "origin": [8.05, 3.83261, 6.49512]},
			"faces": {
				"north": {"uv": [7, 5, 8, 6], "texture": "#1"},
				"east": {"uv": [6, 7, 7, 8], "texture": "#1"},
				"south": {"uv": [7, 6, 8, 7], "texture": "#1"},
				"west": {"uv": [7, 7, 8, 8], "texture": "#1"},
				"up": {"uv": [1, 9, 0, 8], "texture": "#1"},
				"down": {"uv": [9, 0, 8, 1], "texture": "#1"}
			}
		},
		{
			"from": [7.8, 2.17, 11.628],
			"to": [8.3, 3.62, 12.108],
			"rotation": {"angle": -45, "axis": "x", "origin": [8.05, 0.66646, 9.62592]},
			"faces": {
				"north": {"uv": [1, 8, 2, 9], "texture": "#1"},
				"east": {"uv": [8, 1, 9, 2], "texture": "#1"},
				"south": {"uv": [8, 2, 9, 3], "texture": "#1"},
				"west": {"uv": [8, 3, 9, 4], "texture": "#1"},
				"up": {"uv": [5, 9, 4, 8], "texture": "#1"},
				"down": {"uv": [9, 4, 8, 5], "texture": "#1"}
			}
		},
		{
			"from": [7.8, 2.17, 7.15],
			"to": [8.3, 3.62, 7.63],
			"rotation": {"angle": -45, "axis": "x", "origin": [8.05, 0.66646, 9.62592]},
			"faces": {
				"north": {"uv": [5, 8, 6, 9], "texture": "#1"},
				"east": {"uv": [8, 5, 9, 6], "texture": "#1"},
				"south": {"uv": [6, 8, 7, 9], "texture": "#1"},
				"west": {"uv": [8, 6, 9, 7], "texture": "#1"},
				"up": {"uv": [8, 9, 7, 8], "texture": "#1"},
				"down": {"uv": [9, 7, 8, 8], "texture": "#1"}
			}
		},
		{
			"from": [7.9, 0.5, 6.3],
			"to": [8.15, 4, 9.8],
			"faces": {
				"north": {"uv": [4, 0, 5, 4], "texture": "#2"},
				"east": {"uv": [0, 0, 4, 4], "texture": "#2"},
				"south": {"uv": [4, 4, 5, 8], "texture": "#2"},
				"west": {"uv": [0, 4, 4, 8], "texture": "#2"},
				"up": {"uv": [6, 4, 5, 0], "texture": "#2"},
				"down": {"uv": [6, 4, 5, 8], "texture": "#2"}
			}
		},
		{
			"from": [7.88, 2.5, 7],
			"to": [7.88, 3, 7.5],
			"rotation": {"angle": 0, "axis": "x", "origin": [7.88, 2.9, 7.25]},
			"faces": {
				"north": {"uv": [0, 0, 0, 1], "texture": "#0"},
				"east": {"uv": [4, 2, 5, 3], "texture": "#0"},
				"south": {"uv": [0, 0, 0, 1], "texture": "#0"},
				"west": {"uv": [3, 4, 4, 5], "texture": "#0"},
				"up": {"uv": [0, 1, 0, 0], "texture": "#0"},
				"down": {"uv": [0, 0, 0, 1], "texture": "#0"}
			}
		},
		{
			"from": [7.88, 1.5, 8.5],
			"to": [7.88, 2, 9],
			"faces": {
				"north": {"uv": [0, 0, 0, 1], "texture": "#0"},
				"east": {"uv": [4, 3, 5, 4], "texture": "#0"},
				"south": {"uv": [0, 0, 0, 1], "texture": "#0"},
				"west": {"uv": [4, 4, 5, 5], "texture": "#0"},
				"up": {"uv": [0, 1, 0, 0], "texture": "#0"},
				"down": {"uv": [0, 0, 0, 1], "texture": "#0"}
			}
		},
		{
			"from": [7.88, 2, 7],
			"to": [8.17, 2.5, 9],
			"rotation": {"angle": 0, "axis": "x", "origin": [7.88, 2.9, 8.25]},
			"faces": {
				"north": {"uv": [5, 0, 6, 1], "texture": "#0"},
				"east": {"uv": [0, 0, 2, 1], "texture": "#0"},
				"south": {"uv": [1, 5, 2, 6], "texture": "#0"},
				"west": {"uv": [0, 1, 2, 2], "texture": "#0"},
				"up": {"uv": [1, 4, 0, 2], "texture": "#0"},
				"down": {"uv": [3, 0, 2, 2], "texture": "#0"}
			}
		},
		{
			"from": [7.88, 3, 7],
			"to": [8.17, 3.5, 9],
			"rotation": {"angle": 0, "axis": "y", "origin": [7.88, 2.9, 8.25]},
			"faces": {
				"north": {"uv": [5, 2, 6, 3], "texture": "#0"},
				"east": {"uv": [1, 2, 3, 3], "texture": "#0"},
				"south": {"uv": [3, 5, 4, 6], "texture": "#0"},
				"west": {"uv": [3, 0, 5, 1], "texture": "#0"},
				"up": {"uv": [2, 5, 1, 3], "texture": "#0"},
				"down": {"uv": [4, 1, 3, 3], "texture": "#0"}
			}
		},
		{
			"from": [7.88, 1, 7],
			"to": [8.17, 1.5, 9],
			"rotation": {"angle": 0, "axis": "y", "origin": [7.88, 2.9, 8.25]},
			"faces": {
				"north": {"uv": [5, 3, 6, 4], "texture": "#0"},
				"east": {"uv": [2, 3, 4, 4], "texture": "#0"},
				"south": {"uv": [4, 5, 5, 6], "texture": "#0"},
				"west": {"uv": [4, 1, 6, 2], "texture": "#0"},
				"up": {"uv": [1, 6, 0, 4], "texture": "#0"},
				"down": {"uv": [3, 4, 2, 6], "texture": "#0"}
			}
		},
		{
			"from": [8.12, 1.5, 7],
			"to": [8.17, 2, 7.5],
			"faces": {
				"north": {"uv": [5, 4, 6, 5], "texture": "#0"},
				"east": {"uv": [5, 5, 6, 6], "texture": "#0"},
				"south": {"uv": [0, 6, 1, 7], "texture": "#0"},
				"west": {"uv": [6, 0, 7, 1], "texture": "#0"},
				"up": {"uv": [2, 7, 1, 6], "texture": "#0"},
				"down": {"uv": [7, 1, 6, 2], "texture": "#0"}
			}
		},
		{
			"from": [8.12, 2.5, 8.5],
			"to": [8.17, 3, 9],
			"faces": {
				"north": {"uv": [2, 6, 3, 7], "texture": "#0"},
				"east": {"uv": [6, 2, 7, 3], "texture": "#0"},
				"south": {"uv": [3, 6, 4, 7], "texture": "#0"},
				"west": {"uv": [6, 3, 7, 4], "texture": "#0"},
				"up": {"uv": [5, 7, 4, 6], "texture": "#0"},
				"down": {"uv": [7, 4, 6, 5], "texture": "#0"}
			}
		}
	],
	"display": {
		"thirdperson_righthand": {
			"translation": [0, 5.75, 0]
		},
		"thirdperson_lefthand": {
			"translation": [0, 5.75, 0]
		},
		"firstperson_righthand": {
			"translation": [1.25, 8.25, 1.5]
		},
		"firstperson_lefthand": {
			"translation": [1.25, 8.75, 1.5]
		},
		"ground": {
			"rotation": [0, 0, 90],
			"translation": [-6, -3.75, 0]
		},
		"gui": {
			"rotation": [0, 69, 0],
			"translation": [0, 14.25, 0],
			"scale": [2.5, 2.5, 2.5]
		},
		"head": {
			"rotation": [0, 0, 90],
			"translation": [-5.75, 6.5, 0]
		},
		"fixed": {
			"rotation": [0, -90, 0],
			"translation": [0.25, 8.5, -0.5],
			"scale": [1.5, 1.5, 1.5]
		}
	},
	"groups": [
		{
			"name": "Корпус",
			"origin": [8.05, 0.25, 8.05],
			"color": 0,
			"children": [0, 1, 2, 3, 4, 5, 6, 7]
		},
		{
			"name": "Внутрений Корпус",
			"origin": [0, 0, 0],
			"color": 0,
			"children": [8]
		},
		{
			"name": "S",
			"origin": [8, 8, 8],
			"color": 0,
			"children": [9, 10, 11, 12, 13, 14, 15]
		}
	]
}