{
	"credit": "Made with Blockbench",
	"texture_size": [32, 32],
	"textures": {
		"0": "item/dragon_head_1",
		"1": "item/dragon_head_2",
		"particle": "item/dragon_head_1"
	},
	"elements": [
		{
			"from": [12, 0, 8],
			"to": [13, 1, 9],
			"rotation": {"angle": 0, "axis": "y", "origin": [12, 0, 8]},
			"faces": {
				"north": {"uv": [0.5, 1, 1, 1.5], "texture": "#0"},
				"east": {"uv": [1, 0.5, 1.5, 1], "texture": "#0"},
				"south": {"uv": [1, 1, 1.5, 1.5], "texture": "#0"},
				"west": {"uv": [0, 1.5, 0.5, 2], "texture": "#0"},
				"up": {"uv": [2, 0.5, 1.5, 0], "texture": "#0"},
				"down": {"uv": [1, 1.5, 0.5, 2], "texture": "#0"}
			}
		},
		{
			"from": [11, 0, 8],
			"to": [12, 1, 9],
			"rotation": {"angle": 0, "axis": "y", "origin": [11, 0, 8]},
			"faces": {
				"north": {"uv": [1.5, 0.5, 2, 1], "texture": "#0"},
				"east": {"uv": [1, 1.5, 1.5, 2], "texture": "#0"},
				"south": {"uv": [1.5, 1, 2, 1.5], "texture": "#0"},
				"west": {"uv": [1.5, 1.5, 2, 2], "texture": "#0"},
				"up": {"uv": [0.5, 2.5, 0, 2], "texture": "#0"},
				"down": {"uv": [2.5, 0, 2, 0.5], "texture": "#0"}
			}
		},
		{
			"from": [10, 0, 8],
			"to": [11, 1, 9],
			"rotation": {"angle": 0, "axis": "y", "origin": [10, 0, 8]},
			"faces": {
				"north": {"uv": [0.5, 2, 1, 2.5], "texture": "#0"},
				"east": {"uv": [2, 0.5, 2.5, 1], "texture": "#0"},
				"south": {"uv": [1, 2, 1.5, 2.5], "texture": "#0"},
				"west": {"uv": [2, 1, 2.5, 1.5], "texture": "#0"},
				"up": {"uv": [2, 2.5, 1.5, 2], "texture": "#0"},
				"down": {"uv": [2.5, 1.5, 2, 2], "texture": "#0"}
			}
		},
		{
			"from": [9, 0, 8],
			"to": [10, 1, 9],
			"rotation": {"angle": 0, "axis": "y", "origin": [9, 0, 8]},
			"faces": {
				"north": {"uv": [2, 2, 2.5, 2.5], "texture": "#0"},
				"east": {"uv": [0, 2.5, 0.5, 3], "texture": "#0"},
				"south": {"uv": [2.5, 0, 3, 0.5], "texture": "#0"},
				"west": {"uv": [0.5, 2.5, 1, 3], "texture": "#0"},
				"up": {"uv": [3, 1, 2.5, 0.5], "texture": "#0"},
				"down": {"uv": [1.5, 2.5, 1, 3], "texture": "#0"}
			}
		},
		{
			"from": [7, 0, 8],
			"to": [8, 1, 9],
			"rotation": {"angle": 0, "axis": "y", "origin": [7, 0, 8]},
			"faces": {
				"north": {"uv": [2.5, 1, 3, 1.5], "texture": "#0"},
				"east": {"uv": [1.5, 2.5, 2, 3], "texture": "#0"},
				"south": {"uv": [2.5, 1.5, 3, 2], "texture": "#0"},
				"west": {"uv": [2, 2.5, 2.5, 3], "texture": "#0"},
				"up": {"uv": [3, 2.5, 2.5, 2], "texture": "#0"},
				"down": {"uv": [3, 2.5, 2.5, 3], "texture": "#0"}
			}
		},
		{
			"from": [8, 0, 8],
			"to": [9, 1, 9],
			"rotation": {"angle": 0, "axis": "y", "origin": [8, 0, 8]},
			"faces": {
				"north": {"uv": [0, 3, 0.5, 3.5], "texture": "#0"},
				"east": {"uv": [3, 0, 3.5, 0.5], "texture": "#0"},
				"south": {"uv": [0.5, 3, 1, 3.5], "texture": "#0"},
				"west": {"uv": [3, 0.5, 3.5, 1], "texture": "#0"},
				"up": {"uv": [1.5, 3.5, 1, 3], "texture": "#0"},
				"down": {"uv": [3.5, 1, 3, 1.5], "texture": "#0"}
			}
		},
		{
			"from": [6, 0, 8],
			"to": [7, 1, 9],
			"rotation": {"angle": 0, "axis": "y", "origin": [6, 0, 8]},
			"faces": {
				"north": {"uv": [1.5, 3, 2, 3.5], "texture": "#0"},
				"east": {"uv": [3, 1.5, 3.5, 2], "texture": "#0"},
				"south": {"uv": [2, 3, 2.5, 3.5], "texture": "#0"},
				"west": {"uv": [3, 2, 3.5, 2.5], "texture": "#0"},
				"up": {"uv": [3, 3.5, 2.5, 3], "texture": "#0"},
				"down": {"uv": [3.5, 2.5, 3, 3], "texture": "#0"}
			}
		},
		{
			"from": [5, 0, 8],
			"to": [6, 1, 9],
			"rotation": {"angle": 0, "axis": "y", "origin": [5, 0, 8]},
			"faces": {
				"north": {"uv": [3, 3, 3.5, 3.5], "texture": "#0"},
				"east": {"uv": [0, 3.5, 0.5, 4], "texture": "#0"},
				"south": {"uv": [3.5, 0, 4, 0.5], "texture": "#0"},
				"west": {"uv": [0.5, 3.5, 1, 4], "texture": "#0"},
				"up": {"uv": [4, 1, 3.5, 0.5], "texture": "#0"},
				"down": {"uv": [1.5, 3.5, 1, 4], "texture": "#0"}
			}
		},
		{
			"from": [3, 0, 8],
			"to": [4, 1, 9],
			"rotation": {"angle": 0, "axis": "y", "origin": [3, 0, 8]},
			"faces": {
				"north": {"uv": [3.5, 1, 4, 1.5], "texture": "#0"},
				"east": {"uv": [1.5, 3.5, 2, 4], "texture": "#0"},
				"south": {"uv": [3.5, 1.5, 4, 2], "texture": "#0"},
				"west": {"uv": [2, 3.5, 2.5, 4], "texture": "#0"},
				"up": {"uv": [4, 2.5, 3.5, 2], "texture": "#0"},
				"down": {"uv": [3, 3.5, 2.5, 4], "texture": "#0"}
			}
		},
		{
			"from": [2, 0, 8],
			"to": [3, 1, 9],
			"rotation": {"angle": 0, "axis": "y", "origin": [2, 0, 8]},
			"faces": {
				"north": {"uv": [3.5, 2.5, 4, 3], "texture": "#0"},
				"east": {"uv": [3, 3.5, 3.5, 4], "texture": "#0"},
				"south": {"uv": [3.5, 3, 4, 3.5], "texture": "#0"},
				"west": {"uv": [3.5, 3.5, 4, 4], "texture": "#0"},
				"up": {"uv": [0.5, 4.5, 0, 4], "texture": "#0"},
				"down": {"uv": [4.5, 0, 4, 0.5], "texture": "#0"}
			}
		},
		{
			"from": [4, 0, 8],
			"to": [5, 1, 9],
			"rotation": {"angle": 0, "axis": "y", "origin": [4, 0, 8]},
			"faces": {
				"north": {"uv": [0.5, 4, 1, 4.5], "texture": "#0"},
				"east": {"uv": [4, 0.5, 4.5, 1], "texture": "#0"},
				"south": {"uv": [1, 4, 1.5, 4.5], "texture": "#0"},
				"west": {"uv": [4, 1, 4.5, 1.5], "texture": "#0"},
				"up": {"uv": [2, 4.5, 1.5, 4], "texture": "#0"},
				"down": {"uv": [4.5, 1.5, 4, 2], "texture": "#0"}
			}
		},
		{
			"from": [11, 0, 7],
			"to": [12, 1, 8],
			"rotation": {"angle": 0, "axis": "y", "origin": [11, 0, 7]},
			"faces": {
				"north": {"uv": [3.5, 4, 4, 4.5], "texture": "#0"},
				"east": {"uv": [4, 3.5, 4.5, 4], "texture": "#0"},
				"south": {"uv": [4, 4, 4.5, 4.5], "texture": "#0"},
				"west": {"uv": [0, 4.5, 0.5, 5], "texture": "#0"},
				"up": {"uv": [5, 0.5, 4.5, 0], "texture": "#0"},
				"down": {"uv": [1, 4.5, 0.5, 5], "texture": "#0"}
			}
		},
		{
			"from": [12, 0, 7],
			"to": [13, 1, 8],
			"rotation": {"angle": 0, "axis": "y", "origin": [12, 0, 7]},
			"faces": {
				"north": {"uv": [4.5, 0.5, 5, 1], "texture": "#0"},
				"east": {"uv": [1, 4.5, 1.5, 5], "texture": "#0"},
				"south": {"uv": [4.5, 1, 5, 1.5], "texture": "#0"},
				"west": {"uv": [1.5, 4.5, 2, 5], "texture": "#0"},
				"up": {"uv": [5, 2, 4.5, 1.5], "texture": "#0"},
				"down": {"uv": [2.5, 4.5, 2, 5], "texture": "#0"}
			}
		},
		{
			"from": [10, 0, 7],
			"to": [11, 1, 8],
			"rotation": {"angle": 0, "axis": "y", "origin": [10, 0, 7]},
			"faces": {
				"north": {"uv": [4.5, 2, 5, 2.5], "texture": "#0"},
				"east": {"uv": [2.5, 4.5, 3, 5], "texture": "#0"},
				"south": {"uv": [4.5, 2.5, 5, 3], "texture": "#0"},
				"west": {"uv": [3, 4.5, 3.5, 5], "texture": "#0"},
				"up": {"uv": [5, 3.5, 4.5, 3], "texture": "#0"},
				"down": {"uv": [4, 4.5, 3.5, 5], "texture": "#0"}
			}
		},
		{
			"from": [9, 0, 7],
			"to": [10, 1, 8],
			"rotation": {"angle": 0, "axis": "y", "origin": [9, 0, 7]},
			"faces": {
				"north": {"uv": [4.5, 3.5, 5, 4], "texture": "#0"},
				"east": {"uv": [4, 4.5, 4.5, 5], "texture": "#0"},
				"south": {"uv": [4.5, 4, 5, 4.5], "texture": "#0"},
				"west": {"uv": [4.5, 4.5, 5, 5], "texture": "#0"},
				"up": {"uv": [0.5, 5.5, 0, 5], "texture": "#0"},
				"down": {"uv": [5.5, 0, 5, 0.5], "texture": "#0"}
			}
		},
		{
			"from": [8, 0, 7],
			"to": [9, 1, 8],
			"rotation": {"angle": 0, "axis": "y", "origin": [8, 0, 7]},
			"faces": {
				"north": {"uv": [0.5, 5, 1, 5.5], "texture": "#0"},
				"east": {"uv": [5, 0.5, 5.5, 1], "texture": "#0"},
				"south": {"uv": [1, 5, 1.5, 5.5], "texture": "#0"},
				"west": {"uv": [5, 1, 5.5, 1.5], "texture": "#0"},
				"up": {"uv": [2, 5.5, 1.5, 5], "texture": "#0"},
				"down": {"uv": [5.5, 1.5, 5, 2], "texture": "#0"}
			}
		},
		{
			"from": [7, 0, 7],
			"to": [8, 1, 8],
			"rotation": {"angle": 0, "axis": "y", "origin": [7, 0, 7]},
			"faces": {
				"north": {"uv": [2, 5, 2.5, 5.5], "texture": "#0"},
				"east": {"uv": [5, 2, 5.5, 2.5], "texture": "#0"},
				"south": {"uv": [2.5, 5, 3, 5.5], "texture": "#0"},
				"west": {"uv": [5, 2.5, 5.5, 3], "texture": "#0"},
				"up": {"uv": [3.5, 5.5, 3, 5], "texture": "#0"},
				"down": {"uv": [5.5, 3, 5, 3.5], "texture": "#0"}
			}
		},
		{
			"from": [5, 0, 7],
			"to": [6, 1, 8],
			"rotation": {"angle": 0, "axis": "y", "origin": [5, 0, 7]},
			"faces": {
				"north": {"uv": [3.5, 5, 4, 5.5], "texture": "#0"},
				"east": {"uv": [5, 3.5, 5.5, 4], "texture": "#0"},
				"south": {"uv": [4, 5, 4.5, 5.5], "texture": "#0"},
				"west": {"uv": [5, 4, 5.5, 4.5], "texture": "#0"},
				"up": {"uv": [5, 5.5, 4.5, 5], "texture": "#0"},
				"down": {"uv": [5.5, 4.5, 5, 5], "texture": "#0"}
			}
		},
		{
			"from": [4, 0, 7],
			"to": [5, 1, 8],
			"rotation": {"angle": 0, "axis": "y", "origin": [4, 0, 7]},
			"faces": {
				"north": {"uv": [5, 5, 5.5, 5.5], "texture": "#0"},
				"east": {"uv": [0, 5.5, 0.5, 6], "texture": "#0"},
				"south": {"uv": [5.5, 0, 6, 0.5], "texture": "#0"},
				"west": {"uv": [0.5, 5.5, 1, 6], "texture": "#0"},
				"up": {"uv": [6, 1, 5.5, 0.5], "texture": "#0"},
				"down": {"uv": [1.5, 5.5, 1, 6], "texture": "#0"}
			}
		},
		{
			"from": [6, 0, 7],
			"to": [7, 1, 8],
			"rotation": {"angle": 0, "axis": "y", "origin": [6, 0, 7]},
			"faces": {
				"north": {"uv": [5.5, 1, 6, 1.5], "texture": "#0"},
				"east": {"uv": [1.5, 5.5, 2, 6], "texture": "#0"},
				"south": {"uv": [5.5, 1.5, 6, 2], "texture": "#0"},
				"west": {"uv": [2, 5.5, 2.5, 6], "texture": "#0"},
				"up": {"uv": [6, 2.5, 5.5, 2], "texture": "#0"},
				"down": {"uv": [3, 5.5, 2.5, 6], "texture": "#0"}
			}
		},
		{
			"from": [3, 0, 7],
			"to": [4, 1, 8],
			"rotation": {"angle": 0, "axis": "y", "origin": [3, 0, 7]},
			"faces": {
				"north": {"uv": [5.5, 2.5, 6, 3], "texture": "#0"},
				"east": {"uv": [3, 5.5, 3.5, 6], "texture": "#0"},
				"south": {"uv": [5.5, 3, 6, 3.5], "texture": "#0"},
				"west": {"uv": [3.5, 5.5, 4, 6], "texture": "#0"},
				"up": {"uv": [6, 4, 5.5, 3.5], "texture": "#0"},
				"down": {"uv": [4.5, 5.5, 4, 6], "texture": "#0"}
			}
		},
		{
			"from": [2, 0, 7],
			"to": [3, 1, 8],
			"rotation": {"angle": 0, "axis": "y", "origin": [2, 0, 7]},
			"faces": {
				"north": {"uv": [5.5, 4, 6, 4.5], "texture": "#0"},
				"east": {"uv": [4.5, 5.5, 5, 6], "texture": "#0"},
				"south": {"uv": [5.5, 4.5, 6, 5], "texture": "#0"},
				"west": {"uv": [5, 5.5, 5.5, 6], "texture": "#0"},
				"up": {"uv": [6, 5.5, 5.5, 5], "texture": "#0"},
				"down": {"uv": [6, 5.5, 5.5, 6], "texture": "#0"}
			}
		},
		{
			"from": [9, 0, 6],
			"to": [10, 1, 7],
			"rotation": {"angle": 0, "axis": "y", "origin": [9, 0, 6]},
			"faces": {
				"north": {"uv": [1.5, 6, 2, 6.5], "texture": "#0"},
				"east": {"uv": [6, 1.5, 6.5, 2], "texture": "#0"},
				"south": {"uv": [2, 6, 2.5, 6.5], "texture": "#0"},
				"west": {"uv": [6, 2, 6.5, 2.5], "texture": "#0"},
				"up": {"uv": [3, 6.5, 2.5, 6], "texture": "#0"},
				"down": {"uv": [6.5, 2.5, 6, 3], "texture": "#0"}
			}
		},
		{
			"from": [10, 0, 6],
			"to": [11, 1, 7],
			"rotation": {"angle": 0, "axis": "y", "origin": [10, 0, 6]},
			"faces": {
				"north": {"uv": [3, 6, 3.5, 6.5], "texture": "#0"},
				"east": {"uv": [6, 3, 6.5, 3.5], "texture": "#0"},
				"south": {"uv": [3.5, 6, 4, 6.5], "texture": "#0"},
				"west": {"uv": [6, 3.5, 6.5, 4], "texture": "#0"},
				"up": {"uv": [4.5, 6.5, 4, 6], "texture": "#0"},
				"down": {"uv": [6.5, 4, 6, 4.5], "texture": "#0"}
			}
		},
		{
			"from": [11, 0, 6],
			"to": [12, 1, 7],
			"rotation": {"angle": 0, "axis": "y", "origin": [11, 0, 6]},
			"faces": {
				"north": {"uv": [4.5, 6, 5, 6.5], "texture": "#0"},
				"east": {"uv": [6, 4.5, 6.5, 5], "texture": "#0"},
				"south": {"uv": [5, 6, 5.5, 6.5], "texture": "#0"},
				"west": {"uv": [6, 5, 6.5, 5.5], "texture": "#0"},
				"up": {"uv": [6, 6.5, 5.5, 6], "texture": "#0"},
				"down": {"uv": [6.5, 5.5, 6, 6], "texture": "#0"}
			}
		},
		{
			"from": [12, 0, 6],
			"to": [13, 1, 7],
			"rotation": {"angle": 0, "axis": "y", "origin": [12, 0, 6]},
			"faces": {
				"north": {"uv": [6, 6, 6.5, 6.5], "texture": "#0"},
				"east": {"uv": [0, 6.5, 0.5, 7], "texture": "#0"},
				"south": {"uv": [6.5, 0, 7, 0.5], "texture": "#0"},
				"west": {"uv": [0.5, 6.5, 1, 7], "texture": "#0"},
				"up": {"uv": [7, 1, 6.5, 0.5], "texture": "#0"},
				"down": {"uv": [1.5, 6.5, 1, 7], "texture": "#0"}
			}
		},
		{
			"from": [4, 0, 6],
			"to": [5, 1, 7],
			"rotation": {"angle": 0, "axis": "y", "origin": [4, 0, 6]},
			"faces": {
				"north": {"uv": [6.5, 1, 7, 1.5], "texture": "#0"},
				"east": {"uv": [1.5, 6.5, 2, 7], "texture": "#0"},
				"south": {"uv": [6.5, 1.5, 7, 2], "texture": "#0"},
				"west": {"uv": [2, 6.5, 2.5, 7], "texture": "#0"},
				"up": {"uv": [7, 2.5, 6.5, 2], "texture": "#0"},
				"down": {"uv": [3, 6.5, 2.5, 7], "texture": "#0"}
			}
		},
		{
			"from": [3, 0, 6],
			"to": [4, 1, 7],
			"rotation": {"angle": 0, "axis": "y", "origin": [3, 0, 6]},
			"faces": {
				"north": {"uv": [6.5, 2.5, 7, 3], "texture": "#0"},
				"east": {"uv": [3, 6.5, 3.5, 7], "texture": "#0"},
				"south": {"uv": [6.5, 3, 7, 3.5], "texture": "#0"},
				"west": {"uv": [3.5, 6.5, 4, 7], "texture": "#0"},
				"up": {"uv": [7, 4, 6.5, 3.5], "texture": "#0"},
				"down": {"uv": [4.5, 6.5, 4, 7], "texture": "#0"}
			}
		},
		{
			"from": [6, 0, 6],
			"to": [7, 1, 7],
			"rotation": {"angle": 0, "axis": "y", "origin": [6, 0, 6]},
			"faces": {
				"north": {"uv": [6.5, 4, 7, 4.5], "texture": "#0"},
				"east": {"uv": [4.5, 6.5, 5, 7], "texture": "#0"},
				"south": {"uv": [6.5, 4.5, 7, 5], "texture": "#0"},
				"west": {"uv": [5, 6.5, 5.5, 7], "texture": "#0"},
				"up": {"uv": [7, 5.5, 6.5, 5], "texture": "#0"},
				"down": {"uv": [6, 6.5, 5.5, 7], "texture": "#0"}
			}
		},
		{
			"from": [7, 0, 6],
			"to": [8, 1, 7],
			"rotation": {"angle": 0, "axis": "y", "origin": [7, 0, 6]},
			"faces": {
				"north": {"uv": [6.5, 5.5, 7, 6], "texture": "#0"},
				"east": {"uv": [6, 6.5, 6.5, 7], "texture": "#0"},
				"south": {"uv": [6.5, 6, 7, 6.5], "texture": "#0"},
				"west": {"uv": [6.5, 6.5, 7, 7], "texture": "#0"},
				"up": {"uv": [0.5, 7.5, 0, 7], "texture": "#0"},
				"down": {"uv": [7.5, 0, 7, 0.5], "texture": "#0"}
			}
		},
		{
			"from": [8, 0, 6],
			"to": [9, 1, 7],
			"rotation": {"angle": 0, "axis": "y", "origin": [8, 0, 6]},
			"faces": {
				"north": {"uv": [0.5, 7, 1, 7.5], "texture": "#0"},
				"east": {"uv": [7, 0.5, 7.5, 1], "texture": "#0"},
				"south": {"uv": [1, 7, 1.5, 7.5], "texture": "#0"},
				"west": {"uv": [7, 1, 7.5, 1.5], "texture": "#0"},
				"up": {"uv": [2, 7.5, 1.5, 7], "texture": "#0"},
				"down": {"uv": [7.5, 1.5, 7, 2], "texture": "#0"}
			}
		},
		{
			"from": [2, 0, 6],
			"to": [3, 1, 7],
			"rotation": {"angle": 0, "axis": "y", "origin": [2, 0, 6]},
			"faces": {
				"north": {"uv": [2, 7, 2.5, 7.5], "texture": "#0"},
				"east": {"uv": [7, 2, 7.5, 2.5], "texture": "#0"},
				"south": {"uv": [2.5, 7, 3, 7.5], "texture": "#0"},
				"west": {"uv": [7, 2.5, 7.5, 3], "texture": "#0"},
				"up": {"uv": [3.5, 7.5, 3, 7], "texture": "#0"},
				"down": {"uv": [7.5, 3, 7, 3.5], "texture": "#0"}
			}
		},
		{
			"from": [5, 0, 6],
			"to": [6, 1, 7],
			"rotation": {"angle": 0, "axis": "y", "origin": [5, 0, 6]},
			"faces": {
				"north": {"uv": [3.5, 7, 4, 7.5], "texture": "#0"},
				"east": {"uv": [7, 3.5, 7.5, 4], "texture": "#0"},
				"south": {"uv": [4, 7, 4.5, 7.5], "texture": "#0"},
				"west": {"uv": [7, 4, 7.5, 4.5], "texture": "#0"},
				"up": {"uv": [5, 7.5, 4.5, 7], "texture": "#0"},
				"down": {"uv": [7.5, 4.5, 7, 5], "texture": "#0"}
			}
		},
		{
			"from": [5, 0, 5],
			"to": [6, 1, 6],
			"rotation": {"angle": 0, "axis": "y", "origin": [5, 0, 5]},
			"faces": {
				"north": {"uv": [5, 7, 5.5, 7.5], "texture": "#0"},
				"east": {"uv": [7, 5, 7.5, 5.5], "texture": "#0"},
				"south": {"uv": [5.5, 7, 6, 7.5], "texture": "#0"},
				"west": {"uv": [7, 5.5, 7.5, 6], "texture": "#0"},
				"up": {"uv": [6.5, 7.5, 6, 7], "texture": "#0"},
				"down": {"uv": [7.5, 6, 7, 6.5], "texture": "#0"}
			}
		},
		{
			"from": [6, 0, 5],
			"to": [7, 1, 6],
			"rotation": {"angle": 0, "axis": "y", "origin": [6, 0, 5]},
			"faces": {
				"north": {"uv": [6.5, 7, 7, 7.5], "texture": "#0"},
				"east": {"uv": [7, 6.5, 7.5, 7], "texture": "#0"},
				"south": {"uv": [7, 7, 7.5, 7.5], "texture": "#0"},
				"west": {"uv": [0, 7.5, 0.5, 8], "texture": "#0"},
				"up": {"uv": [8, 0.5, 7.5, 0], "texture": "#0"},
				"down": {"uv": [1, 7.5, 0.5, 8], "texture": "#0"}
			}
		},
		{
			"from": [8, 0, 5],
			"to": [9, 1, 6],
			"rotation": {"angle": 0, "axis": "y", "origin": [8, 0, 5]},
			"faces": {
				"north": {"uv": [7.5, 0.5, 8, 1], "texture": "#0"},
				"east": {"uv": [1, 7.5, 1.5, 8], "texture": "#0"},
				"south": {"uv": [7.5, 1, 8, 1.5], "texture": "#0"},
				"west": {"uv": [1.5, 7.5, 2, 8], "texture": "#0"},
				"up": {"uv": [8, 2, 7.5, 1.5], "texture": "#0"},
				"down": {"uv": [2.5, 7.5, 2, 8], "texture": "#0"}
			}
		},
		{
			"from": [11, 0, 5],
			"to": [12, 1, 6],
			"rotation": {"angle": 0, "axis": "y", "origin": [11, 0, 5]},
			"faces": {
				"north": {"uv": [7.5, 3.5, 8, 4], "texture": "#0"},
				"east": {"uv": [4, 7.5, 4.5, 8], "texture": "#0"},
				"south": {"uv": [7.5, 4, 8, 4.5], "texture": "#0"},
				"west": {"uv": [4.5, 7.5, 5, 8], "texture": "#0"},
				"up": {"uv": [8, 5, 7.5, 4.5], "texture": "#0"},
				"down": {"uv": [5.5, 7.5, 5, 8], "texture": "#0"}
			}
		},
		{
			"from": [12, 0, 5],
			"to": [13, 1, 6],
			"rotation": {"angle": 0, "axis": "y", "origin": [12, 0, 5]},
			"faces": {
				"north": {"uv": [7.5, 5, 8, 5.5], "texture": "#0"},
				"east": {"uv": [5.5, 7.5, 6, 8], "texture": "#0"},
				"south": {"uv": [7.5, 5.5, 8, 6], "texture": "#0"},
				"west": {"uv": [6, 7.5, 6.5, 8], "texture": "#0"},
				"up": {"uv": [8, 6.5, 7.5, 6], "texture": "#0"},
				"down": {"uv": [7, 7.5, 6.5, 8], "texture": "#0"}
			}
		},
		{
			"from": [10, 0, 5],
			"to": [11, 1, 6],
			"rotation": {"angle": 0, "axis": "y", "origin": [10, 0, 5]},
			"faces": {
				"north": {"uv": [7.5, 6.5, 8, 7], "texture": "#0"},
				"east": {"uv": [7, 7.5, 7.5, 8], "texture": "#0"},
				"south": {"uv": [7.5, 7, 8, 7.5], "texture": "#0"},
				"west": {"uv": [7.5, 7.5, 8, 8], "texture": "#0"},
				"up": {"uv": [0.5, 8.5, 0, 8], "texture": "#0"},
				"down": {"uv": [8.5, 0, 8, 0.5], "texture": "#0"}
			}
		},
		{
			"from": [9, 0, 5],
			"to": [10, 1, 6],
			"rotation": {"angle": 0, "axis": "y", "origin": [9, 0, 5]},
			"faces": {
				"north": {"uv": [0.5, 8, 1, 8.5], "texture": "#0"},
				"east": {"uv": [8, 0.5, 8.5, 1], "texture": "#0"},
				"south": {"uv": [1, 8, 1.5, 8.5], "texture": "#0"},
				"west": {"uv": [8, 1, 8.5, 1.5], "texture": "#0"},
				"up": {"uv": [2, 8.5, 1.5, 8], "texture": "#0"},
				"down": {"uv": [8.5, 1.5, 8, 2], "texture": "#0"}
			}
		},
		{
			"from": [7, 0, 5],
			"to": [8, 1, 6],
			"rotation": {"angle": 0, "axis": "y", "origin": [7, 0, 5]},
			"faces": {
				"north": {"uv": [2, 8, 2.5, 8.5], "texture": "#0"},
				"east": {"uv": [8, 2, 8.5, 2.5], "texture": "#0"},
				"south": {"uv": [2.5, 8, 3, 8.5], "texture": "#0"},
				"west": {"uv": [8, 2.5, 8.5, 3], "texture": "#0"},
				"up": {"uv": [3.5, 8.5, 3, 8], "texture": "#0"},
				"down": {"uv": [8.5, 3, 8, 3.5], "texture": "#0"}
			}
		},
		{
			"from": [4, 0, 5],
			"to": [5, 1, 6],
			"rotation": {"angle": 0, "axis": "y", "origin": [4, 0, 5]},
			"faces": {
				"north": {"uv": [3.5, 8, 4, 8.5], "texture": "#0"},
				"east": {"uv": [8, 3.5, 8.5, 4], "texture": "#0"},
				"south": {"uv": [4, 8, 4.5, 8.5], "texture": "#0"},
				"west": {"uv": [8, 4, 8.5, 4.5], "texture": "#0"},
				"up": {"uv": [5, 8.5, 4.5, 8], "texture": "#0"},
				"down": {"uv": [8.5, 4.5, 8, 5], "texture": "#0"}
			}
		},
		{
			"from": [3, 0, 5],
			"to": [4, 1, 6],
			"rotation": {"angle": 0, "axis": "y", "origin": [3, 0, 5]},
			"faces": {
				"north": {"uv": [5, 8, 5.5, 8.5], "texture": "#0"},
				"east": {"uv": [8, 5, 8.5, 5.5], "texture": "#0"},
				"south": {"uv": [5.5, 8, 6, 8.5], "texture": "#0"},
				"west": {"uv": [8, 5.5, 8.5, 6], "texture": "#0"},
				"up": {"uv": [6.5, 8.5, 6, 8], "texture": "#0"},
				"down": {"uv": [8.5, 6, 8, 6.5], "texture": "#0"}
			}
		},
		{
			"from": [2, 0, 5],
			"to": [3, 1, 6],
			"rotation": {"angle": 0, "axis": "y", "origin": [2, 0, 5]},
			"faces": {
				"north": {"uv": [6.5, 8, 7, 8.5], "texture": "#0"},
				"east": {"uv": [8, 6.5, 8.5, 7], "texture": "#0"},
				"south": {"uv": [7, 8, 7.5, 8.5], "texture": "#0"},
				"west": {"uv": [8, 7, 8.5, 7.5], "texture": "#0"},
				"up": {"uv": [8, 8.5, 7.5, 8], "texture": "#0"},
				"down": {"uv": [8.5, 7.5, 8, 8], "texture": "#0"}
			}
		},
		{
			"from": [12, 0, 4],
			"to": [13, 1, 5],
			"rotation": {"angle": 0, "axis": "y", "origin": [12, 0, 4]},
			"faces": {
				"north": {"uv": [8.5, 1, 9, 1.5], "texture": "#0"},
				"east": {"uv": [1.5, 8.5, 2, 9], "texture": "#0"},
				"south": {"uv": [8.5, 1.5, 9, 2], "texture": "#0"},
				"west": {"uv": [2, 8.5, 2.5, 9], "texture": "#0"},
				"up": {"uv": [9, 2.5, 8.5, 2], "texture": "#0"},
				"down": {"uv": [3, 8.5, 2.5, 9], "texture": "#0"}
			}
		},
		{
			"from": [11, 0, 4],
			"to": [12, 1, 5],
			"rotation": {"angle": 0, "axis": "y", "origin": [11, 0, 4]},
			"faces": {
				"north": {"uv": [8.5, 2.5, 9, 3], "texture": "#0"},
				"east": {"uv": [3, 8.5, 3.5, 9], "texture": "#0"},
				"south": {"uv": [8.5, 3, 9, 3.5], "texture": "#0"},
				"west": {"uv": [3.5, 8.5, 4, 9], "texture": "#0"},
				"up": {"uv": [9, 4, 8.5, 3.5], "texture": "#0"},
				"down": {"uv": [4.5, 8.5, 4, 9], "texture": "#0"}
			}
		},
		{
			"from": [10, 0, 4],
			"to": [11, 1, 5],
			"rotation": {"angle": 0, "axis": "y", "origin": [10, 0, 4]},
			"faces": {
				"north": {"uv": [8.5, 4, 9, 4.5], "texture": "#0"},
				"east": {"uv": [4.5, 8.5, 5, 9], "texture": "#0"},
				"south": {"uv": [8.5, 4.5, 9, 5], "texture": "#0"},
				"west": {"uv": [5, 8.5, 5.5, 9], "texture": "#0"},
				"up": {"uv": [9, 5.5, 8.5, 5], "texture": "#0"},
				"down": {"uv": [6, 8.5, 5.5, 9], "texture": "#0"}
			}
		},
		{
			"from": [9, 0, 4],
			"to": [10, 1, 5],
			"rotation": {"angle": 0, "axis": "y", "origin": [9, 0, 4]},
			"faces": {
				"north": {"uv": [8.5, 5.5, 9, 6], "texture": "#0"},
				"east": {"uv": [6, 8.5, 6.5, 9], "texture": "#0"},
				"south": {"uv": [8.5, 6, 9, 6.5], "texture": "#0"},
				"west": {"uv": [6.5, 8.5, 7, 9], "texture": "#0"},
				"up": {"uv": [9, 7, 8.5, 6.5], "texture": "#0"},
				"down": {"uv": [7.5, 8.5, 7, 9], "texture": "#0"}
			}
		},
		{
			"from": [7, 0, 4],
			"to": [8, 1, 5],
			"rotation": {"angle": 0, "axis": "y", "origin": [7, 0, 4]},
			"faces": {
				"north": {"uv": [8.5, 7, 9, 7.5], "texture": "#0"},
				"east": {"uv": [7.5, 8.5, 8, 9], "texture": "#0"},
				"south": {"uv": [8.5, 7.5, 9, 8], "texture": "#0"},
				"west": {"uv": [8, 8.5, 8.5, 9], "texture": "#0"},
				"up": {"uv": [9, 8.5, 8.5, 8], "texture": "#0"},
				"down": {"uv": [9, 8.5, 8.5, 9], "texture": "#0"}
			}
		},
		{
			"from": [8, 0, 4],
			"to": [9, 1, 5],
			"rotation": {"angle": 0, "axis": "y", "origin": [8, 0, 4]},
			"faces": {
				"north": {"uv": [0, 9, 0.5, 9.5], "texture": "#0"},
				"east": {"uv": [9, 0, 9.5, 0.5], "texture": "#0"},
				"south": {"uv": [0.5, 9, 1, 9.5], "texture": "#0"},
				"west": {"uv": [9, 0.5, 9.5, 1], "texture": "#0"},
				"up": {"uv": [1.5, 9.5, 1, 9], "texture": "#0"},
				"down": {"uv": [9.5, 1, 9, 1.5], "texture": "#0"}
			}
		},
		{
			"from": [5, 0, 4],
			"to": [6, 1, 5],
			"rotation": {"angle": 0, "axis": "y", "origin": [5, 0, 4]},
			"faces": {
				"north": {"uv": [1.5, 9, 2, 9.5], "texture": "#0"},
				"east": {"uv": [9, 1.5, 9.5, 2], "texture": "#0"},
				"south": {"uv": [2, 9, 2.5, 9.5], "texture": "#0"},
				"west": {"uv": [9, 2, 9.5, 2.5], "texture": "#0"},
				"up": {"uv": [3, 9.5, 2.5, 9], "texture": "#0"},
				"down": {"uv": [9.5, 2.5, 9, 3], "texture": "#0"}
			}
		},
		{
			"from": [3, 0, 4],
			"to": [4, 1, 5],
			"rotation": {"angle": 0, "axis": "y", "origin": [3, 0, 4]},
			"faces": {
				"north": {"uv": [3, 9, 3.5, 9.5], "texture": "#0"},
				"east": {"uv": [9, 3, 9.5, 3.5], "texture": "#0"},
				"south": {"uv": [3.5, 9, 4, 9.5], "texture": "#0"},
				"west": {"uv": [9, 3.5, 9.5, 4], "texture": "#0"},
				"up": {"uv": [4.5, 9.5, 4, 9], "texture": "#0"},
				"down": {"uv": [9.5, 4, 9, 4.5], "texture": "#0"}
			}
		},
		{
			"from": [2, 0, 4],
			"to": [3, 1, 5],
			"rotation": {"angle": 0, "axis": "y", "origin": [2, 0, 4]},
			"faces": {
				"north": {"uv": [4.5, 9, 5, 9.5], "texture": "#0"},
				"east": {"uv": [9, 4.5, 9.5, 5], "texture": "#0"},
				"south": {"uv": [5, 9, 5.5, 9.5], "texture": "#0"},
				"west": {"uv": [9, 5, 9.5, 5.5], "texture": "#0"},
				"up": {"uv": [6, 9.5, 5.5, 9], "texture": "#0"},
				"down": {"uv": [9.5, 5.5, 9, 6], "texture": "#0"}
			}
		},
		{
			"from": [4, 0, 4],
			"to": [5, 1, 5],
			"rotation": {"angle": 0, "axis": "y", "origin": [4, 0, 4]},
			"faces": {
				"north": {"uv": [6, 9, 6.5, 9.5], "texture": "#0"},
				"east": {"uv": [9, 6, 9.5, 6.5], "texture": "#0"},
				"south": {"uv": [6.5, 9, 7, 9.5], "texture": "#0"},
				"west": {"uv": [9, 6.5, 9.5, 7], "texture": "#0"},
				"up": {"uv": [7.5, 9.5, 7, 9], "texture": "#0"},
				"down": {"uv": [9.5, 7, 9, 7.5], "texture": "#0"}
			}
		},
		{
			"from": [6, 0, 4],
			"to": [7, 1, 5],
			"rotation": {"angle": 0, "axis": "y", "origin": [6, 0, 4]},
			"faces": {
				"north": {"uv": [7.5, 9, 8, 9.5], "texture": "#0"},
				"east": {"uv": [9, 7.5, 9.5, 8], "texture": "#0"},
				"south": {"uv": [8, 9, 8.5, 9.5], "texture": "#0"},
				"west": {"uv": [9, 8, 9.5, 8.5], "texture": "#0"},
				"up": {"uv": [9, 9.5, 8.5, 9], "texture": "#0"},
				"down": {"uv": [9.5, 8.5, 9, 9], "texture": "#0"}
			}
		},
		{
			"from": [12, 0, 3],
			"to": [13, 1, 4],
			"rotation": {"angle": 0, "axis": "y", "origin": [12, 0, 3]},
			"faces": {
				"north": {"uv": [9.5, 1, 10, 1.5], "texture": "#0"},
				"east": {"uv": [1.5, 9.5, 2, 10], "texture": "#0"},
				"south": {"uv": [9.5, 1.5, 10, 2], "texture": "#0"},
				"west": {"uv": [2, 9.5, 2.5, 10], "texture": "#0"},
				"up": {"uv": [10, 2.5, 9.5, 2], "texture": "#0"},
				"down": {"uv": [3, 9.5, 2.5, 10], "texture": "#0"}
			}
		},
		{
			"from": [11, 0, 3],
			"to": [12, 1, 4],
			"rotation": {"angle": 0, "axis": "y", "origin": [11, 0, 3]},
			"faces": {
				"north": {"uv": [9.5, 2.5, 10, 3], "texture": "#0"},
				"east": {"uv": [3, 9.5, 3.5, 10], "texture": "#0"},
				"south": {"uv": [9.5, 3, 10, 3.5], "texture": "#0"},
				"west": {"uv": [3.5, 9.5, 4, 10], "texture": "#0"},
				"up": {"uv": [10, 4, 9.5, 3.5], "texture": "#0"},
				"down": {"uv": [4.5, 9.5, 4, 10], "texture": "#0"}
			}
		},
		{
			"from": [10, 0, 3],
			"to": [11, 1, 4],
			"rotation": {"angle": 0, "axis": "y", "origin": [10, 0, 3]},
			"faces": {
				"north": {"uv": [9.5, 4, 10, 4.5], "texture": "#0"},
				"east": {"uv": [4.5, 9.5, 5, 10], "texture": "#0"},
				"south": {"uv": [9.5, 4.5, 10, 5], "texture": "#0"},
				"west": {"uv": [5, 9.5, 5.5, 10], "texture": "#0"},
				"up": {"uv": [10, 5.5, 9.5, 5], "texture": "#0"},
				"down": {"uv": [6, 9.5, 5.5, 10], "texture": "#0"}
			}
		},
		{
			"from": [9, 0, 3],
			"to": [10, 1, 4],
			"rotation": {"angle": 0, "axis": "y", "origin": [9, 0, 3]},
			"faces": {
				"north": {"uv": [9.5, 5.5, 10, 6], "texture": "#0"},
				"east": {"uv": [6, 9.5, 6.5, 10], "texture": "#0"},
				"south": {"uv": [9.5, 6, 10, 6.5], "texture": "#0"},
				"west": {"uv": [6.5, 9.5, 7, 10], "texture": "#0"},
				"up": {"uv": [10, 7, 9.5, 6.5], "texture": "#0"},
				"down": {"uv": [7.5, 9.5, 7, 10], "texture": "#0"}
			}
		},
		{
			"from": [8, 0, 3],
			"to": [9, 1, 4],
			"rotation": {"angle": 0, "axis": "y", "origin": [8, 0, 3]},
			"faces": {
				"north": {"uv": [9.5, 7, 10, 7.5], "texture": "#0"},
				"east": {"uv": [7.5, 9.5, 8, 10], "texture": "#0"},
				"south": {"uv": [9.5, 7.5, 10, 8], "texture": "#0"},
				"west": {"uv": [8, 9.5, 8.5, 10], "texture": "#0"},
				"up": {"uv": [10, 8.5, 9.5, 8], "texture": "#0"},
				"down": {"uv": [9, 9.5, 8.5, 10], "texture": "#0"}
			}
		},
		{
			"from": [6, 0, 3],
			"to": [7, 1, 4],
			"rotation": {"angle": 0, "axis": "y", "origin": [6, 0, 3]},
			"faces": {
				"north": {"uv": [9.5, 8.5, 10, 9], "texture": "#0"},
				"east": {"uv": [9, 9.5, 9.5, 10], "texture": "#0"},
				"south": {"uv": [9.5, 9, 10, 9.5], "texture": "#0"},
				"west": {"uv": [9.5, 9.5, 10, 10], "texture": "#0"},
				"up": {"uv": [0.5, 10.5, 0, 10], "texture": "#0"},
				"down": {"uv": [10.5, 0, 10, 0.5], "texture": "#0"}
			}
		},
		{
			"from": [3, 0, 3],
			"to": [4, 1, 4],
			"rotation": {"angle": 0, "axis": "y", "origin": [3, 0, 3]},
			"faces": {
				"north": {"uv": [0.5, 10, 1, 10.5], "texture": "#0"},
				"east": {"uv": [10, 0.5, 10.5, 1], "texture": "#0"},
				"south": {"uv": [1, 10, 1.5, 10.5], "texture": "#0"},
				"west": {"uv": [10, 1, 10.5, 1.5], "texture": "#0"},
				"up": {"uv": [2, 10.5, 1.5, 10], "texture": "#0"},
				"down": {"uv": [10.5, 1.5, 10, 2], "texture": "#0"}
			}
		},
		{
			"from": [7, 0, 3],
			"to": [8, 1, 4],
			"rotation": {"angle": 0, "axis": "y", "origin": [7, 0, 3]},
			"faces": {
				"north": {"uv": [2, 10, 2.5, 10.5], "texture": "#0"},
				"east": {"uv": [10, 2, 10.5, 2.5], "texture": "#0"},
				"south": {"uv": [2.5, 10, 3, 10.5], "texture": "#0"},
				"west": {"uv": [10, 2.5, 10.5, 3], "texture": "#0"},
				"up": {"uv": [3.5, 10.5, 3, 10], "texture": "#0"},
				"down": {"uv": [10.5, 3, 10, 3.5], "texture": "#0"}
			}
		},
		{
			"from": [5, 0, 3],
			"to": [6, 1, 4],
			"rotation": {"angle": 0, "axis": "y", "origin": [5, 0, 3]},
			"faces": {
				"north": {"uv": [3.5, 10, 4, 10.5], "texture": "#0"},
				"east": {"uv": [10, 3.5, 10.5, 4], "texture": "#0"},
				"south": {"uv": [4, 10, 4.5, 10.5], "texture": "#0"},
				"west": {"uv": [10, 4, 10.5, 4.5], "texture": "#0"},
				"up": {"uv": [5, 10.5, 4.5, 10], "texture": "#0"},
				"down": {"uv": [10.5, 4.5, 10, 5], "texture": "#0"}
			}
		},
		{
			"from": [4, 0, 3],
			"to": [5, 1, 4],
			"rotation": {"angle": 0, "axis": "y", "origin": [4, 0, 3]},
			"faces": {
				"north": {"uv": [5, 10, 5.5, 10.5], "texture": "#0"},
				"east": {"uv": [10, 5, 10.5, 5.5], "texture": "#0"},
				"south": {"uv": [5.5, 10, 6, 10.5], "texture": "#0"},
				"west": {"uv": [10, 5.5, 10.5, 6], "texture": "#0"},
				"up": {"uv": [6.5, 10.5, 6, 10], "texture": "#0"},
				"down": {"uv": [10.5, 6, 10, 6.5], "texture": "#0"}
			}
		},
		{
			"from": [2, 0, 3],
			"to": [3, 1, 4],
			"rotation": {"angle": 0, "axis": "y", "origin": [2, 0, 3]},
			"faces": {
				"north": {"uv": [6.5, 10, 7, 10.5], "texture": "#0"},
				"east": {"uv": [10, 6.5, 10.5, 7], "texture": "#0"},
				"south": {"uv": [7, 10, 7.5, 10.5], "texture": "#0"},
				"west": {"uv": [10, 7, 10.5, 7.5], "texture": "#0"},
				"up": {"uv": [8, 10.5, 7.5, 10], "texture": "#0"},
				"down": {"uv": [10.5, 7.5, 10, 8], "texture": "#0"}
			}
		},
		{
			"from": [4, 0, 2],
			"to": [5, 1, 3],
			"rotation": {"angle": 0, "axis": "y", "origin": [4, 0, 2]},
			"faces": {
				"north": {"uv": [8, 10, 8.5, 10.5], "texture": "#0"},
				"east": {"uv": [10, 8, 10.5, 8.5], "texture": "#0"},
				"south": {"uv": [8.5, 10, 9, 10.5], "texture": "#0"},
				"west": {"uv": [10, 8.5, 10.5, 9], "texture": "#0"},
				"up": {"uv": [9.5, 10.5, 9, 10], "texture": "#0"},
				"down": {"uv": [10.5, 9, 10, 9.5], "texture": "#0"}
			}
		},
		{
			"from": [3, 0, 2],
			"to": [4, 1, 3],
			"rotation": {"angle": 0, "axis": "y", "origin": [3, 0, 2]},
			"faces": {
				"north": {"uv": [9.5, 10, 10, 10.5], "texture": "#0"},
				"east": {"uv": [10, 9.5, 10.5, 10], "texture": "#0"},
				"south": {"uv": [10, 10, 10.5, 10.5], "texture": "#0"},
				"west": {"uv": [0, 10.5, 0.5, 11], "texture": "#0"},
				"up": {"uv": [11, 0.5, 10.5, 0], "texture": "#0"},
				"down": {"uv": [1, 10.5, 0.5, 11], "texture": "#0"}
			}
		},
		{
			"from": [2, 0, 2],
			"to": [3, 1, 3],
			"rotation": {"angle": 0, "axis": "y", "origin": [2, 0, 2]},
			"faces": {
				"north": {"uv": [10.5, 0.5, 11, 1], "texture": "#0"},
				"east": {"uv": [1, 10.5, 1.5, 11], "texture": "#0"},
				"south": {"uv": [10.5, 1, 11, 1.5], "texture": "#0"},
				"west": {"uv": [1.5, 10.5, 2, 11], "texture": "#0"},
				"up": {"uv": [11, 2, 10.5, 1.5], "texture": "#0"},
				"down": {"uv": [2.5, 10.5, 2, 11], "texture": "#0"}
			}
		},
		{
			"from": [5, 0, 2],
			"to": [6, 1, 3],
			"rotation": {"angle": 0, "axis": "y", "origin": [5, 0, 2]},
			"faces": {
				"north": {"uv": [10.5, 2, 11, 2.5], "texture": "#0"},
				"east": {"uv": [2.5, 10.5, 3, 11], "texture": "#0"},
				"south": {"uv": [10.5, 2.5, 11, 3], "texture": "#0"},
				"west": {"uv": [3, 10.5, 3.5, 11], "texture": "#0"},
				"up": {"uv": [11, 3.5, 10.5, 3], "texture": "#0"},
				"down": {"uv": [4, 10.5, 3.5, 11], "texture": "#0"}
			}
		},
		{
			"from": [6, 0, 2],
			"to": [7, 1, 3],
			"rotation": {"angle": 0, "axis": "y", "origin": [6, 0, 2]},
			"faces": {
				"north": {"uv": [10.5, 3.5, 11, 4], "texture": "#0"},
				"east": {"uv": [4, 10.5, 4.5, 11], "texture": "#0"},
				"south": {"uv": [10.5, 4, 11, 4.5], "texture": "#0"},
				"west": {"uv": [4.5, 10.5, 5, 11], "texture": "#0"},
				"up": {"uv": [11, 5, 10.5, 4.5], "texture": "#0"},
				"down": {"uv": [5.5, 10.5, 5, 11], "texture": "#0"}
			}
		},
		{
			"from": [7, 0, 2],
			"to": [8, 1, 3],
			"rotation": {"angle": 0, "axis": "y", "origin": [7, 0, 2]},
			"faces": {
				"north": {"uv": [10.5, 5, 11, 5.5], "texture": "#0"},
				"east": {"uv": [5.5, 10.5, 6, 11], "texture": "#0"},
				"south": {"uv": [10.5, 5.5, 11, 6], "texture": "#0"},
				"west": {"uv": [6, 10.5, 6.5, 11], "texture": "#0"},
				"up": {"uv": [11, 6.5, 10.5, 6], "texture": "#0"},
				"down": {"uv": [7, 10.5, 6.5, 11], "texture": "#0"}
			}
		},
		{
			"from": [8, 0, 2],
			"to": [9, 1, 3],
			"rotation": {"angle": 0, "axis": "y", "origin": [8, 0, 2]},
			"faces": {
				"north": {"uv": [10.5, 6.5, 11, 7], "texture": "#0"},
				"east": {"uv": [7, 10.5, 7.5, 11], "texture": "#0"},
				"south": {"uv": [10.5, 7, 11, 7.5], "texture": "#0"},
				"west": {"uv": [7.5, 10.5, 8, 11], "texture": "#0"},
				"up": {"uv": [11, 8, 10.5, 7.5], "texture": "#0"},
				"down": {"uv": [8.5, 10.5, 8, 11], "texture": "#0"}
			}
		},
		{
			"from": [9, 0, 2],
			"to": [10, 1, 3],
			"rotation": {"angle": 0, "axis": "y", "origin": [9, 0, 2]},
			"faces": {
				"north": {"uv": [10.5, 8, 11, 8.5], "texture": "#0"},
				"east": {"uv": [8.5, 10.5, 9, 11], "texture": "#0"},
				"south": {"uv": [10.5, 8.5, 11, 9], "texture": "#0"},
				"west": {"uv": [9, 10.5, 9.5, 11], "texture": "#0"},
				"up": {"uv": [11, 9.5, 10.5, 9], "texture": "#0"},
				"down": {"uv": [10, 10.5, 9.5, 11], "texture": "#0"}
			}
		},
		{
			"from": [10, 0, 2],
			"to": [11, 1, 3],
			"rotation": {"angle": 0, "axis": "y", "origin": [10, 0, 2]},
			"faces": {
				"north": {"uv": [10.5, 9.5, 11, 10], "texture": "#0"},
				"east": {"uv": [10, 10.5, 10.5, 11], "texture": "#0"},
				"south": {"uv": [10.5, 10, 11, 10.5], "texture": "#0"},
				"west": {"uv": [10.5, 10.5, 11, 11], "texture": "#0"},
				"up": {"uv": [0.5, 11.5, 0, 11], "texture": "#0"},
				"down": {"uv": [11.5, 0, 11, 0.5], "texture": "#0"}
			}
		},
		{
			"from": [12, 0, 2],
			"to": [13, 1, 3],
			"rotation": {"angle": 0, "axis": "y", "origin": [12, 0, 2]},
			"faces": {
				"north": {"uv": [2, 11, 2.5, 11.5], "texture": "#0"},
				"east": {"uv": [11, 2, 11.5, 2.5], "texture": "#0"},
				"south": {"uv": [2.5, 11, 3, 11.5], "texture": "#0"},
				"west": {"uv": [11, 2.5, 11.5, 3], "texture": "#0"},
				"up": {"uv": [3.5, 11.5, 3, 11], "texture": "#0"},
				"down": {"uv": [11.5, 3, 11, 3.5], "texture": "#0"}
			}
		},
		{
			"from": [11, 0, 2],
			"to": [12, 1, 3],
			"rotation": {"angle": 0, "axis": "y", "origin": [11, 0, 2]},
			"faces": {
				"north": {"uv": [3.5, 11, 4, 11.5], "texture": "#0"},
				"east": {"uv": [11, 3.5, 11.5, 4], "texture": "#0"},
				"south": {"uv": [4, 11, 4.5, 11.5], "texture": "#0"},
				"west": {"uv": [11, 4, 11.5, 4.5], "texture": "#0"},
				"up": {"uv": [5, 11.5, 4.5, 11], "texture": "#0"},
				"down": {"uv": [11.5, 4.5, 11, 5], "texture": "#0"}
			}
		},
		{
			"from": [12, 0.5, 10.3],
			"to": [13, 1.5, 11.3],
			"rotation": {"angle": 22.5, "axis": "x", "origin": [8, 4, 10.8]},
			"faces": {
				"north": {"uv": [0.5, 1, 1, 1.5], "texture": "#1"},
				"east": {"uv": [1, 0.5, 1.5, 1], "texture": "#1"},
				"south": {"uv": [1, 1, 1.5, 1.5], "texture": "#1"},
				"west": {"uv": [0, 1.5, 0.5, 2], "texture": "#1"},
				"up": {"uv": [2, 0.5, 1.5, 0], "texture": "#1"},
				"down": {"uv": [1, 1.5, 0.5, 2], "texture": "#1"}
			}
		},
		{
			"from": [11, 0.5, 10.3],
			"to": [12, 1.5, 11.3],
			"rotation": {"angle": 22.5, "axis": "x", "origin": [8, 4, 10.8]},
			"faces": {
				"north": {"uv": [1.5, 0.5, 2, 1], "texture": "#1"},
				"east": {"uv": [1, 1.5, 1.5, 2], "texture": "#1"},
				"south": {"uv": [1.5, 1, 2, 1.5], "texture": "#1"},
				"west": {"uv": [1.5, 1.5, 2, 2], "texture": "#1"},
				"up": {"uv": [0.5, 2.5, 0, 2], "texture": "#1"},
				"down": {"uv": [2.5, 0, 2, 0.5], "texture": "#1"}
			}
		},
		{
			"from": [10, 0.5, 10.3],
			"to": [11, 1.5, 11.3],
			"rotation": {"angle": 22.5, "axis": "x", "origin": [8, 4, 10.8]},
			"faces": {
				"north": {"uv": [0.5, 2, 1, 2.5], "texture": "#1"},
				"east": {"uv": [2, 0.5, 2.5, 1], "texture": "#1"},
				"south": {"uv": [1, 2, 1.5, 2.5], "texture": "#1"},
				"west": {"uv": [2, 1, 2.5, 1.5], "texture": "#1"},
				"up": {"uv": [2, 2.5, 1.5, 2], "texture": "#1"},
				"down": {"uv": [2.5, 1.5, 2, 2], "texture": "#1"}
			}
		},
		{
			"from": [9, 0.5, 10.3],
			"to": [10, 1.5, 11.3],
			"rotation": {"angle": 22.5, "axis": "x", "origin": [8, 4, 10.8]},
			"faces": {
				"north": {"uv": [2, 2, 2.5, 2.5], "texture": "#1"},
				"east": {"uv": [0, 2.5, 0.5, 3], "texture": "#1"},
				"south": {"uv": [2.5, 0, 3, 0.5], "texture": "#1"},
				"west": {"uv": [0.5, 2.5, 1, 3], "texture": "#1"},
				"up": {"uv": [3, 1, 2.5, 0.5], "texture": "#1"},
				"down": {"uv": [1.5, 2.5, 1, 3], "texture": "#1"}
			}
		},
		{
			"from": [7, 0.5, 10.3],
			"to": [8, 1.5, 11.3],
			"rotation": {"angle": 22.5, "axis": "x", "origin": [8, 4, 10.8]},
			"faces": {
				"north": {"uv": [2.5, 1, 3, 1.5], "texture": "#1"},
				"east": {"uv": [1.5, 2.5, 2, 3], "texture": "#1"},
				"south": {"uv": [2.5, 1.5, 3, 2], "texture": "#1"},
				"west": {"uv": [2, 2.5, 2.5, 3], "texture": "#1"},
				"up": {"uv": [3, 2.5, 2.5, 2], "texture": "#1"},
				"down": {"uv": [3, 2.5, 2.5, 3], "texture": "#1"}
			}
		},
		{
			"from": [8, 0.5, 10.3],
			"to": [9, 1.5, 11.3],
			"rotation": {"angle": 22.5, "axis": "x", "origin": [8, 4, 10.8]},
			"faces": {
				"north": {"uv": [0, 3, 0.5, 3.5], "texture": "#1"},
				"east": {"uv": [3, 0, 3.5, 0.5], "texture": "#1"},
				"south": {"uv": [0.5, 3, 1, 3.5], "texture": "#1"},
				"west": {"uv": [3, 0.5, 3.5, 1], "texture": "#1"},
				"up": {"uv": [1.5, 3.5, 1, 3], "texture": "#1"},
				"down": {"uv": [3.5, 1, 3, 1.5], "texture": "#1"}
			}
		},
		{
			"from": [6, 0.5, 10.3],
			"to": [7, 1.5, 11.3],
			"rotation": {"angle": 22.5, "axis": "x", "origin": [8, 4, 10.8]},
			"faces": {
				"north": {"uv": [1.5, 3, 2, 3.5], "texture": "#1"},
				"east": {"uv": [3, 1.5, 3.5, 2], "texture": "#1"},
				"south": {"uv": [2, 3, 2.5, 3.5], "texture": "#1"},
				"west": {"uv": [3, 2, 3.5, 2.5], "texture": "#1"},
				"up": {"uv": [3, 3.5, 2.5, 3], "texture": "#1"},
				"down": {"uv": [3.5, 2.5, 3, 3], "texture": "#1"}
			}
		},
		{
			"from": [5, 0.5, 10.3],
			"to": [6, 1.5, 11.3],
			"rotation": {"angle": 22.5, "axis": "x", "origin": [8, 4, 10.8]},
			"faces": {
				"north": {"uv": [3, 3, 3.5, 3.5], "texture": "#1"},
				"east": {"uv": [0, 3.5, 0.5, 4], "texture": "#1"},
				"south": {"uv": [3.5, 0, 4, 0.5], "texture": "#1"},
				"west": {"uv": [0.5, 3.5, 1, 4], "texture": "#1"},
				"up": {"uv": [4, 1, 3.5, 0.5], "texture": "#1"},
				"down": {"uv": [1.5, 3.5, 1, 4], "texture": "#1"}
			}
		},
		{
			"from": [4, 0.5, 10.3],
			"to": [5, 1.5, 11.3],
			"rotation": {"angle": 22.5, "axis": "x", "origin": [8, 4, 10.8]},
			"faces": {
				"north": {"uv": [3.5, 1, 4, 1.5], "texture": "#1"},
				"east": {"uv": [1.5, 3.5, 2, 4], "texture": "#1"},
				"south": {"uv": [3.5, 1.5, 4, 2], "texture": "#1"},
				"west": {"uv": [2, 3.5, 2.5, 4], "texture": "#1"},
				"up": {"uv": [4, 2.5, 3.5, 2], "texture": "#1"},
				"down": {"uv": [3, 3.5, 2.5, 4], "texture": "#1"}
			}
		},
		{
			"from": [3, 0.5, 10.3],
			"to": [4, 1.5, 11.3],
			"rotation": {"angle": 22.5, "axis": "x", "origin": [8, 4, 10.8]},
			"faces": {
				"north": {"uv": [3.5, 2.5, 4, 3], "texture": "#1"},
				"east": {"uv": [3, 3.5, 3.5, 4], "texture": "#1"},
				"south": {"uv": [3.5, 3, 4, 3.5], "texture": "#1"},
				"west": {"uv": [3.5, 3.5, 4, 4], "texture": "#1"},
				"up": {"uv": [0.5, 4.5, 0, 4], "texture": "#1"},
				"down": {"uv": [4.5, 0, 4, 0.5], "texture": "#1"}
			}
		},
		{
			"from": [2, 0.5, 10.3],
			"to": [3, 1.5, 11.3],
			"rotation": {"angle": 22.5, "axis": "x", "origin": [8, 4, 10.8]},
			"faces": {
				"north": {"uv": [0.5, 4, 1, 4.5], "texture": "#1"},
				"east": {"uv": [4, 0.5, 4.5, 1], "texture": "#1"},
				"south": {"uv": [1, 4, 1.5, 4.5], "texture": "#1"},
				"west": {"uv": [4, 1, 4.5, 1.5], "texture": "#1"},
				"up": {"uv": [2, 4.5, 1.5, 4], "texture": "#1"},
				"down": {"uv": [4.5, 1.5, 4, 2], "texture": "#1"}
			}
		},
		{
			"from": [2, 1.5, 10.3],
			"to": [3, 2.5, 11.3],
			"rotation": {"angle": 22.5, "axis": "x", "origin": [8, 4, 10.8]},
			"faces": {
				"north": {"uv": [2, 4, 2.5, 4.5], "texture": "#1"},
				"east": {"uv": [4, 2, 4.5, 2.5], "texture": "#1"},
				"south": {"uv": [2.5, 4, 3, 4.5], "texture": "#1"},
				"west": {"uv": [4, 2.5, 4.5, 3], "texture": "#1"},
				"up": {"uv": [3.5, 4.5, 3, 4], "texture": "#1"},
				"down": {"uv": [4.5, 3, 4, 3.5], "texture": "#1"}
			}
		},
		{
			"from": [3, 1.5, 10.3],
			"to": [4, 2.5, 11.3],
			"rotation": {"angle": 22.5, "axis": "x", "origin": [8, 4, 10.8]},
			"faces": {
				"north": {"uv": [3.5, 4, 4, 4.5], "texture": "#1"},
				"east": {"uv": [4, 3.5, 4.5, 4], "texture": "#1"},
				"south": {"uv": [4, 4, 4.5, 4.5], "texture": "#1"},
				"west": {"uv": [0, 4.5, 0.5, 5], "texture": "#1"},
				"up": {"uv": [5, 0.5, 4.5, 0], "texture": "#1"},
				"down": {"uv": [1, 4.5, 0.5, 5], "texture": "#1"}
			}
		},
		{
			"from": [4, 1.5, 10.3],
			"to": [5, 2.5, 11.3],
			"rotation": {"angle": 22.5, "axis": "x", "origin": [8, 4, 10.8]},
			"faces": {
				"north": {"uv": [4.5, 0.5, 5, 1], "texture": "#1"},
				"east": {"uv": [1, 4.5, 1.5, 5], "texture": "#1"},
				"south": {"uv": [4.5, 1, 5, 1.5], "texture": "#1"},
				"west": {"uv": [1.5, 4.5, 2, 5], "texture": "#1"},
				"up": {"uv": [5, 2, 4.5, 1.5], "texture": "#1"},
				"down": {"uv": [2.5, 4.5, 2, 5], "texture": "#1"}
			}
		},
		{
			"from": [5, 1.5, 10.3],
			"to": [6, 2.5, 11.3],
			"rotation": {"angle": 22.5, "axis": "x", "origin": [8, 4, 10.8]},
			"faces": {
				"north": {"uv": [4.5, 2, 5, 2.5], "texture": "#1"},
				"east": {"uv": [2.5, 4.5, 3, 5], "texture": "#1"},
				"south": {"uv": [4.5, 2.5, 5, 3], "texture": "#1"},
				"west": {"uv": [3, 4.5, 3.5, 5], "texture": "#1"},
				"up": {"uv": [5, 3.5, 4.5, 3], "texture": "#1"},
				"down": {"uv": [4, 4.5, 3.5, 5], "texture": "#1"}
			}
		},
		{
			"from": [6, 1.5, 10.3],
			"to": [7, 2.5, 11.3],
			"rotation": {"angle": 22.5, "axis": "x", "origin": [8, 4, 10.8]},
			"faces": {
				"north": {"uv": [4.5, 3.5, 5, 4], "texture": "#1"},
				"east": {"uv": [4, 4.5, 4.5, 5], "texture": "#1"},
				"south": {"uv": [4.5, 4, 5, 4.5], "texture": "#1"},
				"west": {"uv": [4.5, 4.5, 5, 5], "texture": "#1"},
				"up": {"uv": [0.5, 5.5, 0, 5], "texture": "#1"},
				"down": {"uv": [5.5, 0, 5, 0.5], "texture": "#1"}
			}
		},
		{
			"from": [7, 1.5, 10.3],
			"to": [8, 2.5, 11.3],
			"rotation": {"angle": 22.5, "axis": "x", "origin": [8, 4, 10.8]},
			"faces": {
				"north": {"uv": [0.5, 5, 1, 5.5], "texture": "#1"},
				"east": {"uv": [5, 0.5, 5.5, 1], "texture": "#1"},
				"south": {"uv": [1, 5, 1.5, 5.5], "texture": "#1"},
				"west": {"uv": [5, 1, 5.5, 1.5], "texture": "#1"},
				"up": {"uv": [2, 5.5, 1.5, 5], "texture": "#1"},
				"down": {"uv": [5.5, 1.5, 5, 2], "texture": "#1"}
			}
		},
		{
			"from": [8, 1.5, 10.3],
			"to": [9, 2.5, 11.3],
			"rotation": {"angle": 22.5, "axis": "x", "origin": [8, 4, 10.8]},
			"faces": {
				"north": {"uv": [2, 5, 2.5, 5.5], "texture": "#1"},
				"east": {"uv": [5, 2, 5.5, 2.5], "texture": "#1"},
				"south": {"uv": [2.5, 5, 3, 5.5], "texture": "#1"},
				"west": {"uv": [5, 2.5, 5.5, 3], "texture": "#1"},
				"up": {"uv": [3.5, 5.5, 3, 5], "texture": "#1"},
				"down": {"uv": [5.5, 3, 5, 3.5], "texture": "#1"}
			}
		},
		{
			"from": [9, 1.5, 10.3],
			"to": [10, 2.5, 11.3],
			"rotation": {"angle": 22.5, "axis": "x", "origin": [8, 4, 10.8]},
			"faces": {
				"north": {"uv": [3.5, 5, 4, 5.5], "texture": "#1"},
				"east": {"uv": [5, 3.5, 5.5, 4], "texture": "#1"},
				"south": {"uv": [4, 5, 4.5, 5.5], "texture": "#1"},
				"west": {"uv": [5, 4, 5.5, 4.5], "texture": "#1"},
				"up": {"uv": [5, 5.5, 4.5, 5], "texture": "#1"},
				"down": {"uv": [5.5, 4.5, 5, 5], "texture": "#1"}
			}
		},
		{
			"from": [10, 1.5, 10.3],
			"to": [11, 2.5, 11.3],
			"rotation": {"angle": 22.5, "axis": "x", "origin": [8, 4, 10.8]},
			"faces": {
				"north": {"uv": [5, 5, 5.5, 5.5], "texture": "#1"},
				"east": {"uv": [0, 5.5, 0.5, 6], "texture": "#1"},
				"south": {"uv": [5.5, 0, 6, 0.5], "texture": "#1"},
				"west": {"uv": [0.5, 5.5, 1, 6], "texture": "#1"},
				"up": {"uv": [6, 1, 5.5, 0.5], "texture": "#1"},
				"down": {"uv": [1.5, 5.5, 1, 6], "texture": "#1"}
			}
		},
		{
			"from": [11, 1.5, 10.3],
			"to": [12, 2.5, 11.3],
			"rotation": {"angle": 22.5, "axis": "x", "origin": [8, 4, 10.8]},
			"faces": {
				"north": {"uv": [5.5, 1, 6, 1.5], "texture": "#1"},
				"east": {"uv": [1.5, 5.5, 2, 6], "texture": "#1"},
				"south": {"uv": [5.5, 1.5, 6, 2], "texture": "#1"},
				"west": {"uv": [2, 5.5, 2.5, 6], "texture": "#1"},
				"up": {"uv": [6, 2.5, 5.5, 2], "texture": "#1"},
				"down": {"uv": [3, 5.5, 2.5, 6], "texture": "#1"}
			}
		},
		{
			"from": [12, 1.5, 10.3],
			"to": [13, 2.5, 11.3],
			"rotation": {"angle": 22.5, "axis": "x", "origin": [8, 4, 10.8]},
			"faces": {
				"north": {"uv": [5.5, 2.5, 6, 3], "texture": "#1"},
				"east": {"uv": [3, 5.5, 3.5, 6], "texture": "#1"},
				"south": {"uv": [5.5, 3, 6, 3.5], "texture": "#1"},
				"west": {"uv": [3.5, 5.5, 4, 6], "texture": "#1"},
				"up": {"uv": [6, 4, 5.5, 3.5], "texture": "#1"},
				"down": {"uv": [4.5, 5.5, 4, 6], "texture": "#1"}
			}
		},
		{
			"from": [2, 2.5, 10.3],
			"to": [3, 3.5, 11.3],
			"rotation": {"angle": 22.5, "axis": "x", "origin": [8, 4, 10.8]},
			"faces": {
				"north": {"uv": [0, 6, 0.5, 6.5], "texture": "#1"},
				"east": {"uv": [6, 0, 6.5, 0.5], "texture": "#1"},
				"south": {"uv": [0.5, 6, 1, 6.5], "texture": "#1"},
				"west": {"uv": [6, 0.5, 6.5, 1], "texture": "#1"},
				"up": {"uv": [1.5, 6.5, 1, 6], "texture": "#1"},
				"down": {"uv": [6.5, 1, 6, 1.5], "texture": "#1"}
			}
		},
		{
			"from": [3, 2.5, 10.3],
			"to": [4, 3.5, 11.3],
			"rotation": {"angle": 22.5, "axis": "x", "origin": [8, 4, 10.8]},
			"faces": {
				"north": {"uv": [1.5, 6, 2, 6.5], "texture": "#1"},
				"east": {"uv": [6, 1.5, 6.5, 2], "texture": "#1"},
				"south": {"uv": [2, 6, 2.5, 6.5], "texture": "#1"},
				"west": {"uv": [6, 2, 6.5, 2.5], "texture": "#1"},
				"up": {"uv": [3, 6.5, 2.5, 6], "texture": "#1"},
				"down": {"uv": [6.5, 2.5, 6, 3], "texture": "#1"}
			}
		},
		{
			"from": [4, 2.5, 10.3],
			"to": [5, 3.5, 11.3],
			"rotation": {"angle": 22.5, "axis": "x", "origin": [8, 4, 10.8]},
			"faces": {
				"north": {"uv": [3, 6, 3.5, 6.5], "texture": "#1"},
				"east": {"uv": [6, 3, 6.5, 3.5], "texture": "#1"},
				"south": {"uv": [3.5, 6, 4, 6.5], "texture": "#1"},
				"west": {"uv": [6, 3.5, 6.5, 4], "texture": "#1"},
				"up": {"uv": [4.5, 6.5, 4, 6], "texture": "#1"},
				"down": {"uv": [6.5, 4, 6, 4.5], "texture": "#1"}
			}
		},
		{
			"from": [5, 2.5, 10.3],
			"to": [6, 3.5, 11.3],
			"rotation": {"angle": 22.5, "axis": "x", "origin": [8, 4, 10.8]},
			"faces": {
				"north": {"uv": [4.5, 6, 5, 6.5], "texture": "#1"},
				"east": {"uv": [6, 4.5, 6.5, 5], "texture": "#1"},
				"south": {"uv": [5, 6, 5.5, 6.5], "texture": "#1"},
				"west": {"uv": [6, 5, 6.5, 5.5], "texture": "#1"},
				"up": {"uv": [6, 6.5, 5.5, 6], "texture": "#1"},
				"down": {"uv": [6.5, 5.5, 6, 6], "texture": "#1"}
			}
		},
		{
			"from": [6, 2.5, 10.3],
			"to": [7, 3.5, 11.3],
			"rotation": {"angle": 22.5, "axis": "x", "origin": [8, 4, 10.8]},
			"faces": {
				"north": {"uv": [6, 6, 6.5, 6.5], "texture": "#1"},
				"east": {"uv": [0, 6.5, 0.5, 7], "texture": "#1"},
				"south": {"uv": [6.5, 0, 7, 0.5], "texture": "#1"},
				"west": {"uv": [0.5, 6.5, 1, 7], "texture": "#1"},
				"up": {"uv": [7, 1, 6.5, 0.5], "texture": "#1"},
				"down": {"uv": [1.5, 6.5, 1, 7], "texture": "#1"}
			}
		},
		{
			"from": [7, 2.5, 10.3],
			"to": [8, 3.5, 11.3],
			"rotation": {"angle": 22.5, "axis": "x", "origin": [8, 4, 10.8]},
			"faces": {
				"north": {"uv": [6.5, 1, 7, 1.5], "texture": "#1"},
				"east": {"uv": [1.5, 6.5, 2, 7], "texture": "#1"},
				"south": {"uv": [6.5, 1.5, 7, 2], "texture": "#1"},
				"west": {"uv": [2, 6.5, 2.5, 7], "texture": "#1"},
				"up": {"uv": [7, 2.5, 6.5, 2], "texture": "#1"},
				"down": {"uv": [3, 6.5, 2.5, 7], "texture": "#1"}
			}
		},
		{
			"from": [8, 2.5, 10.3],
			"to": [9, 3.5, 11.3],
			"rotation": {"angle": 22.5, "axis": "x", "origin": [8, 4, 10.8]},
			"faces": {
				"north": {"uv": [6.5, 2.5, 7, 3], "texture": "#1"},
				"east": {"uv": [3, 6.5, 3.5, 7], "texture": "#1"},
				"south": {"uv": [6.5, 3, 7, 3.5], "texture": "#1"},
				"west": {"uv": [3.5, 6.5, 4, 7], "texture": "#1"},
				"up": {"uv": [7, 4, 6.5, 3.5], "texture": "#1"},
				"down": {"uv": [4.5, 6.5, 4, 7], "texture": "#1"}
			}
		},
		{
			"from": [9, 2.5, 10.3],
			"to": [10, 3.5, 11.3],
			"rotation": {"angle": 22.5, "axis": "x", "origin": [8, 4, 10.8]},
			"faces": {
				"north": {"uv": [6.5, 4, 7, 4.5], "texture": "#1"},
				"east": {"uv": [4.5, 6.5, 5, 7], "texture": "#1"},
				"south": {"uv": [6.5, 4.5, 7, 5], "texture": "#1"},
				"west": {"uv": [5, 6.5, 5.5, 7], "texture": "#1"},
				"up": {"uv": [7, 5.5, 6.5, 5], "texture": "#1"},
				"down": {"uv": [6, 6.5, 5.5, 7], "texture": "#1"}
			}
		},
		{
			"from": [10, 2.5, 10.3],
			"to": [11, 3.5, 11.3],
			"rotation": {"angle": 22.5, "axis": "x", "origin": [8, 4, 10.8]},
			"faces": {
				"north": {"uv": [6.5, 5.5, 7, 6], "texture": "#1"},
				"east": {"uv": [6, 6.5, 6.5, 7], "texture": "#1"},
				"south": {"uv": [6.5, 6, 7, 6.5], "texture": "#1"},
				"west": {"uv": [6.5, 6.5, 7, 7], "texture": "#1"},
				"up": {"uv": [0.5, 7.5, 0, 7], "texture": "#1"},
				"down": {"uv": [7.5, 0, 7, 0.5], "texture": "#1"}
			}
		},
		{
			"from": [11, 2.5, 10.3],
			"to": [12, 3.5, 11.3],
			"rotation": {"angle": 22.5, "axis": "x", "origin": [8, 4, 10.8]},
			"faces": {
				"north": {"uv": [0.5, 7, 1, 7.5], "texture": "#1"},
				"east": {"uv": [7, 0.5, 7.5, 1], "texture": "#1"},
				"south": {"uv": [1, 7, 1.5, 7.5], "texture": "#1"},
				"west": {"uv": [7, 1, 7.5, 1.5], "texture": "#1"},
				"up": {"uv": [2, 7.5, 1.5, 7], "texture": "#1"},
				"down": {"uv": [7.5, 1.5, 7, 2], "texture": "#1"}
			}
		},
		{
			"from": [12, 2.5, 10.3],
			"to": [13, 3.5, 11.3],
			"rotation": {"angle": 22.5, "axis": "x", "origin": [8, 4, 10.8]},
			"faces": {
				"north": {"uv": [2, 7, 2.5, 7.5], "texture": "#1"},
				"east": {"uv": [7, 2, 7.5, 2.5], "texture": "#1"},
				"south": {"uv": [2.5, 7, 3, 7.5], "texture": "#1"},
				"west": {"uv": [7, 2.5, 7.5, 3], "texture": "#1"},
				"up": {"uv": [3.5, 7.5, 3, 7], "texture": "#1"},
				"down": {"uv": [7.5, 3, 7, 3.5], "texture": "#1"}
			}
		},
		{
			"from": [2, 3.5, 10.3],
			"to": [3, 4.5, 11.3],
			"rotation": {"angle": 22.5, "axis": "x", "origin": [8, 4, 10.8]},
			"faces": {
				"north": {"uv": [5, 7, 5.5, 7.5], "texture": "#1"},
				"east": {"uv": [7, 5, 7.5, 5.5], "texture": "#1"},
				"south": {"uv": [5.5, 7, 6, 7.5], "texture": "#1"},
				"west": {"uv": [7, 5.5, 7.5, 6], "texture": "#1"},
				"up": {"uv": [6.5, 7.5, 6, 7], "texture": "#1"},
				"down": {"uv": [7.5, 6, 7, 6.5], "texture": "#1"}
			}
		},
		{
			"from": [3, 3.5, 10.3],
			"to": [4, 4.5, 11.3],
			"rotation": {"angle": 22.5, "axis": "x", "origin": [8, 4, 10.8]},
			"faces": {
				"north": {"uv": [6.5, 7, 7, 7.5], "texture": "#1"},
				"east": {"uv": [7, 6.5, 7.5, 7], "texture": "#1"},
				"south": {"uv": [7, 7, 7.5, 7.5], "texture": "#1"},
				"west": {"uv": [0, 7.5, 0.5, 8], "texture": "#1"},
				"up": {"uv": [8, 0.5, 7.5, 0], "texture": "#1"},
				"down": {"uv": [1, 7.5, 0.5, 8], "texture": "#1"}
			}
		},
		{
			"from": [4, 3.5, 10.3],
			"to": [5, 4.5, 11.3],
			"rotation": {"angle": 22.5, "axis": "x", "origin": [8, 4, 10.8]},
			"faces": {
				"north": {"uv": [7.5, 0.5, 8, 1], "texture": "#1"},
				"east": {"uv": [1, 7.5, 1.5, 8], "texture": "#1"},
				"south": {"uv": [7.5, 1, 8, 1.5], "texture": "#1"},
				"west": {"uv": [1.5, 7.5, 2, 8], "texture": "#1"},
				"up": {"uv": [8, 2, 7.5, 1.5], "texture": "#1"},
				"down": {"uv": [2.5, 7.5, 2, 8], "texture": "#1"}
			}
		},
		{
			"from": [5, 3.5, 10.3],
			"to": [6, 4.5, 11.3],
			"rotation": {"angle": 22.5, "axis": "x", "origin": [8, 4, 10.8]},
			"faces": {
				"north": {"uv": [7.5, 2, 8, 2.5], "texture": "#1"},
				"east": {"uv": [2.5, 7.5, 3, 8], "texture": "#1"},
				"south": {"uv": [7.5, 2.5, 8, 3], "texture": "#1"},
				"west": {"uv": [3, 7.5, 3.5, 8], "texture": "#1"},
				"up": {"uv": [8, 3.5, 7.5, 3], "texture": "#1"},
				"down": {"uv": [4, 7.5, 3.5, 8], "texture": "#1"}
			}
		},
		{
			"from": [6, 3.5, 10.3],
			"to": [7, 4.5, 11.3],
			"rotation": {"angle": 22.5, "axis": "x", "origin": [8, 4, 10.8]},
			"faces": {
				"north": {"uv": [7.5, 3.5, 8, 4], "texture": "#1"},
				"east": {"uv": [4, 7.5, 4.5, 8], "texture": "#1"},
				"south": {"uv": [7.5, 4, 8, 4.5], "texture": "#1"},
				"west": {"uv": [4.5, 7.5, 5, 8], "texture": "#1"},
				"up": {"uv": [8, 5, 7.5, 4.5], "texture": "#1"},
				"down": {"uv": [5.5, 7.5, 5, 8], "texture": "#1"}
			}
		},
		{
			"from": [7, 3.5, 10.3],
			"to": [8, 4.5, 11.3],
			"rotation": {"angle": 22.5, "axis": "x", "origin": [8, 4, 10.8]},
			"faces": {
				"north": {"uv": [7.5, 5, 8, 5.5], "texture": "#1"},
				"east": {"uv": [5.5, 7.5, 6, 8], "texture": "#1"},
				"south": {"uv": [7.5, 5.5, 8, 6], "texture": "#1"},
				"west": {"uv": [6, 7.5, 6.5, 8], "texture": "#1"},
				"up": {"uv": [8, 6.5, 7.5, 6], "texture": "#1"},
				"down": {"uv": [7, 7.5, 6.5, 8], "texture": "#1"}
			}
		},
		{
			"from": [8, 3.5, 10.3],
			"to": [9, 4.5, 11.3],
			"rotation": {"angle": 22.5, "axis": "x", "origin": [8, 4, 10.8]},
			"faces": {
				"north": {"uv": [7.5, 6.5, 8, 7], "texture": "#1"},
				"east": {"uv": [7, 7.5, 7.5, 8], "texture": "#1"},
				"south": {"uv": [7.5, 7, 8, 7.5], "texture": "#1"},
				"west": {"uv": [7.5, 7.5, 8, 8], "texture": "#1"},
				"up": {"uv": [0.5, 8.5, 0, 8], "texture": "#1"},
				"down": {"uv": [8.5, 0, 8, 0.5], "texture": "#1"}
			}
		},
		{
			"from": [9, 3.5, 10.3],
			"to": [10, 4.5, 11.3],
			"rotation": {"angle": 22.5, "axis": "x", "origin": [8, 4, 10.8]},
			"faces": {
				"north": {"uv": [0.5, 8, 1, 8.5], "texture": "#1"},
				"east": {"uv": [8, 0.5, 8.5, 1], "texture": "#1"},
				"south": {"uv": [1, 8, 1.5, 8.5], "texture": "#1"},
				"west": {"uv": [8, 1, 8.5, 1.5], "texture": "#1"},
				"up": {"uv": [2, 8.5, 1.5, 8], "texture": "#1"},
				"down": {"uv": [8.5, 1.5, 8, 2], "texture": "#1"}
			}
		},
		{
			"from": [10, 3.5, 10.3],
			"to": [11, 4.5, 11.3],
			"rotation": {"angle": 22.5, "axis": "x", "origin": [8, 4, 10.8]},
			"faces": {
				"north": {"uv": [2, 8, 2.5, 8.5], "texture": "#1"},
				"east": {"uv": [8, 2, 8.5, 2.5], "texture": "#1"},
				"south": {"uv": [2.5, 8, 3, 8.5], "texture": "#1"},
				"west": {"uv": [8, 2.5, 8.5, 3], "texture": "#1"},
				"up": {"uv": [3.5, 8.5, 3, 8], "texture": "#1"},
				"down": {"uv": [8.5, 3, 8, 3.5], "texture": "#1"}
			}
		},
		{
			"from": [11, 3.5, 10.3],
			"to": [12, 4.5, 11.3],
			"rotation": {"angle": 22.5, "axis": "x", "origin": [8, 4, 10.8]},
			"faces": {
				"north": {"uv": [3.5, 8, 4, 8.5], "texture": "#1"},
				"east": {"uv": [8, 3.5, 8.5, 4], "texture": "#1"},
				"south": {"uv": [4, 8, 4.5, 8.5], "texture": "#1"},
				"west": {"uv": [8, 4, 8.5, 4.5], "texture": "#1"},
				"up": {"uv": [5, 8.5, 4.5, 8], "texture": "#1"},
				"down": {"uv": [8.5, 4.5, 8, 5], "texture": "#1"}
			}
		},
		{
			"from": [12, 3.5, 10.3],
			"to": [13, 4.5, 11.3],
			"rotation": {"angle": 22.5, "axis": "x", "origin": [8, 4, 10.8]},
			"faces": {
				"north": {"uv": [5, 8, 5.5, 8.5], "texture": "#1"},
				"east": {"uv": [8, 5, 8.5, 5.5], "texture": "#1"},
				"south": {"uv": [5.5, 8, 6, 8.5], "texture": "#1"},
				"west": {"uv": [8, 5.5, 8.5, 6], "texture": "#1"},
				"up": {"uv": [6.5, 8.5, 6, 8], "texture": "#1"},
				"down": {"uv": [8.5, 6, 8, 6.5], "texture": "#1"}
			}
		},
		{
			"from": [2, 4.5, 10.3],
			"to": [3, 5.5, 11.3],
			"rotation": {"angle": 22.5, "axis": "x", "origin": [8, 4, 10.8]},
			"faces": {
				"north": {"uv": [8, 8, 8.5, 8.5], "texture": "#1"},
				"east": {"uv": [0, 8.5, 0.5, 9], "texture": "#1"},
				"south": {"uv": [8.5, 0, 9, 0.5], "texture": "#1"},
				"west": {"uv": [0.5, 8.5, 1, 9], "texture": "#1"},
				"up": {"uv": [9, 1, 8.5, 0.5], "texture": "#1"},
				"down": {"uv": [1.5, 8.5, 1, 9], "texture": "#1"}
			}
		},
		{
			"from": [3, 4.5, 10.3],
			"to": [4, 5.5, 11.3],
			"rotation": {"angle": 22.5, "axis": "x", "origin": [8, 4, 10.8]},
			"faces": {
				"north": {"uv": [8.5, 1, 9, 1.5], "texture": "#1"},
				"east": {"uv": [1.5, 8.5, 2, 9], "texture": "#1"},
				"south": {"uv": [8.5, 1.5, 9, 2], "texture": "#1"},
				"west": {"uv": [2, 8.5, 2.5, 9], "texture": "#1"},
				"up": {"uv": [9, 2.5, 8.5, 2], "texture": "#1"},
				"down": {"uv": [3, 8.5, 2.5, 9], "texture": "#1"}
			}
		},
		{
			"from": [4, 4.5, 10.3],
			"to": [5, 5.5, 11.3],
			"rotation": {"angle": 22.5, "axis": "x", "origin": [8, 4, 10.8]},
			"faces": {
				"north": {"uv": [8.5, 2.5, 9, 3], "texture": "#1"},
				"east": {"uv": [3, 8.5, 3.5, 9], "texture": "#1"},
				"south": {"uv": [8.5, 3, 9, 3.5], "texture": "#1"},
				"west": {"uv": [3.5, 8.5, 4, 9], "texture": "#1"},
				"up": {"uv": [9, 4, 8.5, 3.5], "texture": "#1"},
				"down": {"uv": [4.5, 8.5, 4, 9], "texture": "#1"}
			}
		},
		{
			"from": [5, 4.5, 10.3],
			"to": [6, 5.5, 11.3],
			"rotation": {"angle": 22.5, "axis": "x", "origin": [8, 4, 10.8]},
			"faces": {
				"north": {"uv": [8.5, 4, 9, 4.5], "texture": "#1"},
				"east": {"uv": [4.5, 8.5, 5, 9], "texture": "#1"},
				"south": {"uv": [8.5, 4.5, 9, 5], "texture": "#1"},
				"west": {"uv": [5, 8.5, 5.5, 9], "texture": "#1"},
				"up": {"uv": [9, 5.5, 8.5, 5], "texture": "#1"},
				"down": {"uv": [6, 8.5, 5.5, 9], "texture": "#1"}
			}
		},
		{
			"from": [6, 4.5, 10.3],
			"to": [7, 5.5, 11.3],
			"rotation": {"angle": 22.5, "axis": "x", "origin": [8, 4, 10.8]},
			"faces": {
				"north": {"uv": [8.5, 5.5, 9, 6], "texture": "#1"},
				"east": {"uv": [6, 8.5, 6.5, 9], "texture": "#1"},
				"south": {"uv": [8.5, 6, 9, 6.5], "texture": "#1"},
				"west": {"uv": [6.5, 8.5, 7, 9], "texture": "#1"},
				"up": {"uv": [9, 7, 8.5, 6.5], "texture": "#1"},
				"down": {"uv": [7.5, 8.5, 7, 9], "texture": "#1"}
			}
		},
		{
			"from": [7, 4.5, 10.3],
			"to": [8, 5.5, 11.3],
			"rotation": {"angle": 22.5, "axis": "x", "origin": [8, 4, 10.8]},
			"faces": {
				"north": {"uv": [8.5, 7, 9, 7.5], "texture": "#1"},
				"east": {"uv": [7.5, 8.5, 8, 9], "texture": "#1"},
				"south": {"uv": [8.5, 7.5, 9, 8], "texture": "#1"},
				"west": {"uv": [8, 8.5, 8.5, 9], "texture": "#1"},
				"up": {"uv": [9, 8.5, 8.5, 8], "texture": "#1"},
				"down": {"uv": [9, 8.5, 8.5, 9], "texture": "#1"}
			}
		},
		{
			"from": [8, 4.5, 10.3],
			"to": [9, 5.5, 11.3],
			"rotation": {"angle": 22.5, "axis": "x", "origin": [8, 4, 10.8]},
			"faces": {
				"north": {"uv": [0, 9, 0.5, 9.5], "texture": "#1"},
				"east": {"uv": [9, 0, 9.5, 0.5], "texture": "#1"},
				"south": {"uv": [0.5, 9, 1, 9.5], "texture": "#1"},
				"west": {"uv": [9, 0.5, 9.5, 1], "texture": "#1"},
				"up": {"uv": [1.5, 9.5, 1, 9], "texture": "#1"},
				"down": {"uv": [9.5, 1, 9, 1.5], "texture": "#1"}
			}
		},
		{
			"from": [9, 4.5, 10.3],
			"to": [10, 5.5, 11.3],
			"rotation": {"angle": 22.5, "axis": "x", "origin": [8, 4, 10.8]},
			"faces": {
				"north": {"uv": [1.5, 9, 2, 9.5], "texture": "#1"},
				"east": {"uv": [9, 1.5, 9.5, 2], "texture": "#1"},
				"south": {"uv": [2, 9, 2.5, 9.5], "texture": "#1"},
				"west": {"uv": [9, 2, 9.5, 2.5], "texture": "#1"},
				"up": {"uv": [3, 9.5, 2.5, 9], "texture": "#1"},
				"down": {"uv": [9.5, 2.5, 9, 3], "texture": "#1"}
			}
		},
		{
			"from": [10, 4.5, 10.3],
			"to": [11, 5.5, 11.3],
			"rotation": {"angle": 22.5, "axis": "x", "origin": [8, 4, 10.8]},
			"faces": {
				"north": {"uv": [3, 9, 3.5, 9.5], "texture": "#1"},
				"east": {"uv": [9, 3, 9.5, 3.5], "texture": "#1"},
				"south": {"uv": [3.5, 9, 4, 9.5], "texture": "#1"},
				"west": {"uv": [9, 3.5, 9.5, 4], "texture": "#1"},
				"up": {"uv": [4.5, 9.5, 4, 9], "texture": "#1"},
				"down": {"uv": [9.5, 4, 9, 4.5], "texture": "#1"}
			}
		},
		{
			"from": [11, 4.5, 10.3],
			"to": [12, 5.5, 11.3],
			"rotation": {"angle": 22.5, "axis": "x", "origin": [8, 4, 10.8]},
			"faces": {
				"north": {"uv": [4.5, 9, 5, 9.5], "texture": "#1"},
				"east": {"uv": [9, 4.5, 9.5, 5], "texture": "#1"},
				"south": {"uv": [5, 9, 5.5, 9.5], "texture": "#1"},
				"west": {"uv": [9, 5, 9.5, 5.5], "texture": "#1"},
				"up": {"uv": [6, 9.5, 5.5, 9], "texture": "#1"},
				"down": {"uv": [9.5, 5.5, 9, 6], "texture": "#1"}
			}
		},
		{
			"from": [12, 4.5, 10.3],
			"to": [13, 5.5, 11.3],
			"rotation": {"angle": 22.5, "axis": "x", "origin": [8, 4, 10.8]},
			"faces": {
				"north": {"uv": [6, 9, 6.5, 9.5], "texture": "#1"},
				"east": {"uv": [9, 6, 9.5, 6.5], "texture": "#1"},
				"south": {"uv": [6.5, 9, 7, 9.5], "texture": "#1"},
				"west": {"uv": [9, 6.5, 9.5, 7], "texture": "#1"},
				"up": {"uv": [7.5, 9.5, 7, 9], "texture": "#1"},
				"down": {"uv": [9.5, 7, 9, 7.5], "texture": "#1"}
			}
		},
		{
			"from": [2, 5.5, 10.3],
			"to": [3, 6.5, 11.3],
			"rotation": {"angle": 22.5, "axis": "x", "origin": [8, 4, 10.8]},
			"faces": {
				"north": {"uv": [9, 9, 9.5, 9.5], "texture": "#1"},
				"east": {"uv": [0, 9.5, 0.5, 10], "texture": "#1"},
				"south": {"uv": [9.5, 0, 10, 0.5], "texture": "#1"},
				"west": {"uv": [0.5, 9.5, 1, 10], "texture": "#1"},
				"up": {"uv": [10, 1, 9.5, 0.5], "texture": "#1"},
				"down": {"uv": [1.5, 9.5, 1, 10], "texture": "#1"}
			}
		},
		{
			"from": [3, 5.5, 10.3],
			"to": [4, 6.5, 11.3],
			"rotation": {"angle": 22.5, "axis": "x", "origin": [8, 4, 10.8]},
			"faces": {
				"north": {"uv": [9.5, 1, 10, 1.5], "texture": "#1"},
				"east": {"uv": [1.5, 9.5, 2, 10], "texture": "#1"},
				"south": {"uv": [9.5, 1.5, 10, 2], "texture": "#1"},
				"west": {"uv": [2, 9.5, 2.5, 10], "texture": "#1"},
				"up": {"uv": [10, 2.5, 9.5, 2], "texture": "#1"},
				"down": {"uv": [3, 9.5, 2.5, 10], "texture": "#1"}
			}
		},
		{
			"from": [4, 5.5, 10.3],
			"to": [5, 6.5, 11.3],
			"rotation": {"angle": 22.5, "axis": "x", "origin": [8, 4, 10.8]},
			"faces": {
				"north": {"uv": [9.5, 2.5, 10, 3], "texture": "#1"},
				"east": {"uv": [3, 9.5, 3.5, 10], "texture": "#1"},
				"south": {"uv": [9.5, 3, 10, 3.5], "texture": "#1"},
				"west": {"uv": [3.5, 9.5, 4, 10], "texture": "#1"},
				"up": {"uv": [10, 4, 9.5, 3.5], "texture": "#1"},
				"down": {"uv": [4.5, 9.5, 4, 10], "texture": "#1"}
			}
		},
		{
			"from": [5, 5.5, 10.3],
			"to": [6, 6.5, 11.3],
			"rotation": {"angle": 22.5, "axis": "x", "origin": [8, 4, 10.8]},
			"faces": {
				"north": {"uv": [9.5, 4, 10, 4.5], "texture": "#1"},
				"east": {"uv": [4.5, 9.5, 5, 10], "texture": "#1"},
				"south": {"uv": [9.5, 4.5, 10, 5], "texture": "#1"},
				"west": {"uv": [5, 9.5, 5.5, 10], "texture": "#1"},
				"up": {"uv": [10, 5.5, 9.5, 5], "texture": "#1"},
				"down": {"uv": [6, 9.5, 5.5, 10], "texture": "#1"}
			}
		},
		{
			"from": [6, 5.5, 10.3],
			"to": [7, 6.5, 11.3],
			"rotation": {"angle": 22.5, "axis": "x", "origin": [8, 4, 10.8]},
			"faces": {
				"north": {"uv": [9.5, 5.5, 10, 6], "texture": "#1"},
				"east": {"uv": [6, 9.5, 6.5, 10], "texture": "#1"},
				"south": {"uv": [9.5, 6, 10, 6.5], "texture": "#1"},
				"west": {"uv": [6.5, 9.5, 7, 10], "texture": "#1"},
				"up": {"uv": [10, 7, 9.5, 6.5], "texture": "#1"},
				"down": {"uv": [7.5, 9.5, 7, 10], "texture": "#1"}
			}
		},
		{
			"from": [7, 5.5, 10.3],
			"to": [8, 6.5, 11.3],
			"rotation": {"angle": 22.5, "axis": "x", "origin": [8, 4, 10.8]},
			"faces": {
				"north": {"uv": [9.5, 7, 10, 7.5], "texture": "#1"},
				"east": {"uv": [7.5, 9.5, 8, 10], "texture": "#1"},
				"south": {"uv": [9.5, 7.5, 10, 8], "texture": "#1"},
				"west": {"uv": [8, 9.5, 8.5, 10], "texture": "#1"},
				"up": {"uv": [10, 8.5, 9.5, 8], "texture": "#1"},
				"down": {"uv": [9, 9.5, 8.5, 10], "texture": "#1"}
			}
		},
		{
			"from": [8, 5.5, 10.3],
			"to": [9, 6.5, 11.3],
			"rotation": {"angle": 22.5, "axis": "x", "origin": [8, 4, 10.8]},
			"faces": {
				"north": {"uv": [9.5, 8.5, 10, 9], "texture": "#1"},
				"east": {"uv": [9, 9.5, 9.5, 10], "texture": "#1"},
				"south": {"uv": [9.5, 9, 10, 9.5], "texture": "#1"},
				"west": {"uv": [9.5, 9.5, 10, 10], "texture": "#1"},
				"up": {"uv": [0.5, 10.5, 0, 10], "texture": "#1"},
				"down": {"uv": [10.5, 0, 10, 0.5], "texture": "#1"}
			}
		},
		{
			"from": [9, 5.5, 10.3],
			"to": [10, 6.5, 11.3],
			"rotation": {"angle": 22.5, "axis": "x", "origin": [8, 4, 10.8]},
			"faces": {
				"north": {"uv": [0.5, 10, 1, 10.5], "texture": "#1"},
				"east": {"uv": [10, 0.5, 10.5, 1], "texture": "#1"},
				"south": {"uv": [1, 10, 1.5, 10.5], "texture": "#1"},
				"west": {"uv": [10, 1, 10.5, 1.5], "texture": "#1"},
				"up": {"uv": [2, 10.5, 1.5, 10], "texture": "#1"},
				"down": {"uv": [10.5, 1.5, 10, 2], "texture": "#1"}
			}
		},
		{
			"from": [10, 5.5, 10.3],
			"to": [11, 6.5, 11.3],
			"rotation": {"angle": 22.5, "axis": "x", "origin": [8, 4, 10.8]},
			"faces": {
				"north": {"uv": [2, 10, 2.5, 10.5], "texture": "#1"},
				"east": {"uv": [10, 2, 10.5, 2.5], "texture": "#1"},
				"south": {"uv": [2.5, 10, 3, 10.5], "texture": "#1"},
				"west": {"uv": [10, 2.5, 10.5, 3], "texture": "#1"},
				"up": {"uv": [3.5, 10.5, 3, 10], "texture": "#1"},
				"down": {"uv": [10.5, 3, 10, 3.5], "texture": "#1"}
			}
		},
		{
			"from": [11, 5.5, 10.3],
			"to": [12, 6.5, 11.3],
			"rotation": {"angle": 22.5, "axis": "x", "origin": [8, 4, 10.8]},
			"faces": {
				"north": {"uv": [3.5, 10, 4, 10.5], "texture": "#1"},
				"east": {"uv": [10, 3.5, 10.5, 4], "texture": "#1"},
				"south": {"uv": [4, 10, 4.5, 10.5], "texture": "#1"},
				"west": {"uv": [10, 4, 10.5, 4.5], "texture": "#1"},
				"up": {"uv": [5, 10.5, 4.5, 10], "texture": "#1"},
				"down": {"uv": [10.5, 4.5, 10, 5], "texture": "#1"}
			}
		},
		{
			"from": [12, 5.5, 10.3],
			"to": [13, 6.5, 11.3],
			"rotation": {"angle": 22.5, "axis": "x", "origin": [8, 4, 10.8]},
			"faces": {
				"north": {"uv": [5, 10, 5.5, 10.5], "texture": "#1"},
				"east": {"uv": [10, 5, 10.5, 5.5], "texture": "#1"},
				"south": {"uv": [5.5, 10, 6, 10.5], "texture": "#1"},
				"west": {"uv": [10, 5.5, 10.5, 6], "texture": "#1"},
				"up": {"uv": [6.5, 10.5, 6, 10], "texture": "#1"},
				"down": {"uv": [10.5, 6, 10, 6.5], "texture": "#1"}
			}
		},
		{
			"from": [2, 6.5, 10.3],
			"to": [3, 7.5, 11.3],
			"rotation": {"angle": 22.5, "axis": "x", "origin": [8, 4, 10.8]},
			"faces": {
				"north": {"uv": [8, 10, 8.5, 10.5], "texture": "#1"},
				"east": {"uv": [10, 8, 10.5, 8.5], "texture": "#1"},
				"south": {"uv": [8.5, 10, 9, 10.5], "texture": "#1"},
				"west": {"uv": [10, 8.5, 10.5, 9], "texture": "#1"},
				"up": {"uv": [9.5, 10.5, 9, 10], "texture": "#1"},
				"down": {"uv": [10.5, 9, 10, 9.5], "texture": "#1"}
			}
		},
		{
			"from": [3, 6.5, 10.3],
			"to": [4, 7.5, 11.3],
			"rotation": {"angle": 22.5, "axis": "x", "origin": [8, 4, 10.8]},
			"faces": {
				"north": {"uv": [9.5, 10, 10, 10.5], "texture": "#1"},
				"east": {"uv": [10, 9.5, 10.5, 10], "texture": "#1"},
				"south": {"uv": [10, 10, 10.5, 10.5], "texture": "#1"},
				"west": {"uv": [0, 10.5, 0.5, 11], "texture": "#1"},
				"up": {"uv": [11, 0.5, 10.5, 0], "texture": "#1"},
				"down": {"uv": [1, 10.5, 0.5, 11], "texture": "#1"}
			}
		},
		{
			"from": [4, 6.5, 10.3],
			"to": [5, 7.5, 11.3],
			"rotation": {"angle": 22.5, "axis": "x", "origin": [8, 4, 10.8]},
			"faces": {
				"north": {"uv": [10.5, 0.5, 11, 1], "texture": "#1"},
				"east": {"uv": [1, 10.5, 1.5, 11], "texture": "#1"},
				"south": {"uv": [10.5, 1, 11, 1.5], "texture": "#1"},
				"west": {"uv": [1.5, 10.5, 2, 11], "texture": "#1"},
				"up": {"uv": [11, 2, 10.5, 1.5], "texture": "#1"},
				"down": {"uv": [2.5, 10.5, 2, 11], "texture": "#1"}
			}
		},
		{
			"from": [5, 6.5, 10.3],
			"to": [6, 7.5, 11.3],
			"rotation": {"angle": 22.5, "axis": "x", "origin": [8, 4, 10.8]},
			"faces": {
				"north": {"uv": [10.5, 2, 11, 2.5], "texture": "#1"},
				"east": {"uv": [2.5, 10.5, 3, 11], "texture": "#1"},
				"south": {"uv": [10.5, 2.5, 11, 3], "texture": "#1"},
				"west": {"uv": [3, 10.5, 3.5, 11], "texture": "#1"},
				"up": {"uv": [11, 3.5, 10.5, 3], "texture": "#1"},
				"down": {"uv": [4, 10.5, 3.5, 11], "texture": "#1"}
			}
		},
		{
			"from": [6, 6.5, 10.3],
			"to": [7, 7.5, 11.3],
			"rotation": {"angle": 22.5, "axis": "x", "origin": [8, 4, 10.8]},
			"faces": {
				"north": {"uv": [10.5, 3.5, 11, 4], "texture": "#1"},
				"east": {"uv": [4, 10.5, 4.5, 11], "texture": "#1"},
				"south": {"uv": [10.5, 4, 11, 4.5], "texture": "#1"},
				"west": {"uv": [4.5, 10.5, 5, 11], "texture": "#1"},
				"up": {"uv": [11, 5, 10.5, 4.5], "texture": "#1"},
				"down": {"uv": [5.5, 10.5, 5, 11], "texture": "#1"}
			}
		},
		{
			"from": [7, 6.5, 10.3],
			"to": [8, 7.5, 11.3],
			"rotation": {"angle": 22.5, "axis": "x", "origin": [8, 4, 10.8]},
			"faces": {
				"north": {"uv": [10.5, 5, 11, 5.5], "texture": "#1"},
				"east": {"uv": [5.5, 10.5, 6, 11], "texture": "#1"},
				"south": {"uv": [10.5, 5.5, 11, 6], "texture": "#1"},
				"west": {"uv": [6, 10.5, 6.5, 11], "texture": "#1"},
				"up": {"uv": [11, 6.5, 10.5, 6], "texture": "#1"},
				"down": {"uv": [7, 10.5, 6.5, 11], "texture": "#1"}
			}
		},
		{
			"from": [8, 6.5, 10.3],
			"to": [9, 7.5, 11.3],
			"rotation": {"angle": 22.5, "axis": "x", "origin": [8, 4, 10.8]},
			"faces": {
				"north": {"uv": [10.5, 6.5, 11, 7], "texture": "#1"},
				"east": {"uv": [7, 10.5, 7.5, 11], "texture": "#1"},
				"south": {"uv": [10.5, 7, 11, 7.5], "texture": "#1"},
				"west": {"uv": [7.5, 10.5, 8, 11], "texture": "#1"},
				"up": {"uv": [11, 8, 10.5, 7.5], "texture": "#1"},
				"down": {"uv": [8.5, 10.5, 8, 11], "texture": "#1"}
			}
		},
		{
			"from": [9, 6.5, 10.3],
			"to": [10, 7.5, 11.3],
			"rotation": {"angle": 22.5, "axis": "x", "origin": [8, 4, 10.8]},
			"faces": {
				"north": {"uv": [10.5, 8, 11, 8.5], "texture": "#1"},
				"east": {"uv": [8.5, 10.5, 9, 11], "texture": "#1"},
				"south": {"uv": [10.5, 8.5, 11, 9], "texture": "#1"},
				"west": {"uv": [9, 10.5, 9.5, 11], "texture": "#1"},
				"up": {"uv": [11, 9.5, 10.5, 9], "texture": "#1"},
				"down": {"uv": [10, 10.5, 9.5, 11], "texture": "#1"}
			}
		},
		{
			"from": [10, 6.5, 10.3],
			"to": [11, 7.5, 11.3],
			"rotation": {"angle": 22.5, "axis": "x", "origin": [8, 4, 10.8]},
			"faces": {
				"north": {"uv": [10.5, 9.5, 11, 10], "texture": "#1"},
				"east": {"uv": [10, 10.5, 10.5, 11], "texture": "#1"},
				"south": {"uv": [10.5, 10, 11, 10.5], "texture": "#1"},
				"west": {"uv": [10.5, 10.5, 11, 11], "texture": "#1"},
				"up": {"uv": [0.5, 11.5, 0, 11], "texture": "#1"},
				"down": {"uv": [11.5, 0, 11, 0.5], "texture": "#1"}
			}
		},
		{
			"from": [11, 6.5, 10.3],
			"to": [12, 7.5, 11.3],
			"rotation": {"angle": 22.5, "axis": "x", "origin": [8, 4, 10.8]},
			"faces": {
				"north": {"uv": [0.5, 11, 1, 11.5], "texture": "#1"},
				"east": {"uv": [11, 0.5, 11.5, 1], "texture": "#1"},
				"south": {"uv": [1, 11, 1.5, 11.5], "texture": "#1"},
				"west": {"uv": [11, 1, 11.5, 1.5], "texture": "#1"},
				"up": {"uv": [2, 11.5, 1.5, 11], "texture": "#1"},
				"down": {"uv": [11.5, 1.5, 11, 2], "texture": "#1"}
			}
		},
		{
			"from": [12, 6.5, 10.3],
			"to": [13, 7.5, 11.3],
			"rotation": {"angle": 22.5, "axis": "x", "origin": [8, 4, 10.8]},
			"faces": {
				"north": {"uv": [2, 11, 2.5, 11.5], "texture": "#1"},
				"east": {"uv": [11, 2, 11.5, 2.5], "texture": "#1"},
				"south": {"uv": [2.5, 11, 3, 11.5], "texture": "#1"},
				"west": {"uv": [11, 2.5, 11.5, 3], "texture": "#1"},
				"up": {"uv": [3.5, 11.5, 3, 11], "texture": "#1"},
				"down": {"uv": [11.5, 3, 11, 3.5], "texture": "#1"}
			}
		}
	],
	"gui_light": "front",
	"display": {
		"thirdperson_righthand": {
			"rotation": [-142.91, 0.53, 178.64],
			"translation": [-0.75, 7, 1.5]
		},
		"thirdperson_lefthand": {
			"rotation": [180, 0.73, 178.21],
			"translation": [0.5, 7.25, -2.75]
		},
		"firstperson_righthand": {
			"rotation": [-180, 45, -180],
			"translation": [0, 8.5, 0]
		},
		"firstperson_lefthand": {
			"rotation": [0, 135, 0],
			"translation": [0, 8.5, 0]
		},
		"ground": {
			"translation": [0.25, 5, 0.5]
		},
		"gui": {
			"rotation": [-160, 22.5, 180],
			"translation": [0, 4, 0]
		},
		"head": {
			"translation": [0.75, 18.25, 3.75],
			"scale": [1.5, 1.5, 1.5]
		},
		"fixed": {
			"rotation": [90, 0, 0],
			"translation": [1.25, -4.5, 18.75],
			"scale": [2.5, 2.5, 2.5]
		}
	},
	"groups": [
		{
			"name": "нижняя часть ноута",
			"origin": [12, 0, 2],
			"color": 0,
			"children": [
				{
					"name": "7-я линия",
					"origin": [4, 0, 8],
					"color": 0,
					"children": [0, 1, 2, 3, 4, 5, 6, 7, 8, 9, 10]
				},
				{
					"name": "6-я линия",
					"origin": [2, 0, 7],
					"color": 0,
					"children": [11, 12, 13, 14, 15, 16, 17, 18, 19, 20, 21]
				},
				{
					"name": "5-я линия",
					"origin": [5, 0, 6],
					"color": 0,
					"children": [22, 23, 24, 25, 26, 27, 28, 29, 30, 31, 32]
				},
				{
					"name": "4-я линия",
					"origin": [2, 0, 5],
					"color": 0,
					"children": [33, 34, 35, 36, 37, 38, 39, 40, 41, 42, 43]
				},
				{
					"name": "3-я линия",
					"origin": [6, 0, 4],
					"color": 0,
					"children": [44, 45, 46, 47, 48, 49, 50, 51, 52, 53, 54]
				},
				{
					"name": "2-я линия",
					"origin": [2, 0, 3],
					"color": 0,
					"children": [55, 56, 57, 58, 59, 60, 61, 62, 63, 64, 65]
				},
				{
					"name": "1-я линия",
					"origin": [11, 0, 2],
					"color": 0,
					"children": [66, 67, 68, 69, 70, 71, 72, 73, 74, 75, 76]
				}
			]
		},
		{
			"name": "верхняя часть ноута",
			"origin": [8, 4, 10.8],
			"color": 0,
			"children": [
				{
					"name": "1-я линия",
					"origin": [8, 4, 10.8],
					"color": 0,
					"children": [77, 78, 79, 80, 81, 82, 83, 84, 85, 86, 87]
				},
				{
					"name": "2-я линия",
					"origin": [8, 4, 10.8],
					"color": 0,
					"children": [88, 89, 90, 91, 92, 93, 94, 95, 96, 97, 98]
				},
				{
					"name": "3-я линия",
					"origin": [8, 4, 10.8],
					"color": 0,
					"children": [99, 100, 101, 102, 103, 104, 105, 106, 107, 108, 109]
				},
				{
					"name": "4-я линия",
					"origin": [8, 4, 10.8],
					"color": 0,
					"children": [110, 111, 112, 113, 114, 115, 116, 117, 118, 119, 120]
				},
				{
					"name": "5-я линия",
					"origin": [8, 4, 10.8],
					"color": 0,
					"children": [121, 122, 123, 124, 125, 126, 127, 128, 129, 130, 131]
				},
				{
					"name": "6-я линия",
					"origin": [8, 4, 10.8],
					"color": 0,
					"children": [132, 133, 134, 135, 136, 137, 138, 139, 140, 141, 142]
				},
				{
					"name": "7-я линия",
					"origin": [8, 4, 10.8],
					"color": 0,
					"children": [143, 144, 145, 146, 147, 148, 149, 150, 151, 152, 153]
				}
			]
		}
	]
}